,Score,A,GWG,HmG,PKG,RdG,SHTS,SOG,GSHTS,SV,GA
0,3.0,0.06396983954821793,0.02133197891511187,0.06494114543687055,0.0,0.026064952652134446,1.4539526005498937,0.4062518297619672,0.05512820512820513,0.037606837606837605,0.01752136752136752
1,0.0,0.22937206243873803,0.03421988789359021,0.11312214546485995,0.19047619047619047,0.10462993281258079,1.79434851137164,0.733731597856943,0.05387205387205388,0.038047138047138045,0.014814814814814814
2,1.0,0.033287060955929974,0.013644977890082123,0.0218391492782966,0.0,0.21364497789008213,1.4506035002735493,0.3436969856074848,0.04673202614379085,0.032352941176470584,0.013398692810457516
3,1.0,0.15299150646471307,0.10732550293703916,0.1550947845412069,0.16129032258064516,0.10700891657681766,2.0210911589709273,0.7681323164364695,0.05351027397260274,0.03125,0.020976027397260275
4,2.0,0.10244041918071428,0.03263960539599905,0.11195422296747991,0.4,0.08407048286357728,2.070088725151457,0.8534129178135001,0.038181818181818185,0.021212121212121213,0.015959595959595962
5,1.0,0.11910755665265324,0.03882827173079252,0.06652152291539491,0.08333333333333333,0.11018942158001312,2.4187700150434686,0.9694985191987087,0.03312368972746331,0.020545073375262055,0.011740041928721174
6,2.0,0.24954161893256424,0.07520227483693016,0.22088263198239363,0.17316017316017315,0.07749965089266941,2.0148277166539565,0.8350851027593187,0.053488372093023255,0.031162790697674417,0.02046511627906977
7,0.0,0.30334876733607913,0.1037195928153945,0.14945197871743884,0.2361111111111111,0.1608759993925833,1.712792227303294,0.7362778779502787,0.0457516339869281,0.03137254901960784,0.013071895424836602
8,1.0,0.10526527334357158,0.06494690316934652,0.12236205707148161,0.1727447216890595,0.05254175247747166,1.7635972105899411,0.6157382469093517,0.04787000439174352,0.032059727711901624,0.014931927975406236
9,0.0,0.1406266770190772,0.06970605664958485,0.0838769106799289,0.13752122241086587,0.0906059384749444,1.9987249889293341,0.6047311779122331,0.04738562091503268,0.03594771241830065,0.012091503267973855
10,2.0,0.1275129413345793,0.062363704030302954,0.13579346112499122,0.296969696969697,0.07729440630349108,1.9127865718204626,0.7577589527839037,0.04738562091503268,0.03594771241830065,0.012091503267973855
11,2.0,0.18297691866414775,0.09496045676607491,0.1621779582374523,0.05605381165919283,0.10056840902426738,1.7994937676314762,0.6194945102965966,0.05288888888888889,0.035555555555555556,0.017333333333333333
12,0.0,0.123100934433018,0.02899880601528194,0.08768858311790033,0.1688247011952191,0.03297533725687064,1.9639156550150092,0.5611236839431784,0.041750841750841754,0.028619528619528618,0.011784511784511785
13,2.0,0.2001532660551459,0.0353995308736008,0.11715603587643818,0.16666666666666666,0.1184682519038172,1.9936545835303234,0.8570798954400222,0.03823529411764706,0.02516339869281046,0.013398692810457516
14,0.0,0.17344442717751093,0.024523754738231623,0.10575359985933519,0.0,0.09738959774686905,1.941401855529277,0.6577566574416871,0.043153337358419704,0.032649744948938735,0.009364624688985166
15,0.0,0.15137193112080172,0.04307692307692308,0.10495105206850916,0.18666666666666668,0.057010410033378936,1.465015691067902,0.5094267786187672,0.046875,0.03194444444444444,0.015277777777777777
16,0.0,0.16743881082463308,0.05180940037666309,0.06342180530180319,0.0,0.03067929680832907,1.5222477312682838,0.402822589951898,0.0654320987654321,0.04567901234567901,0.017695473251028805
17,1.0,0.1496648182234295,0.03708632083962999,0.12343857980771095,0.23333333333333334,0.05215392295804122,1.4874494097499025,0.5617547777744084,0.04895833333333333,0.03263888888888889,0.013888888888888888
18,0.0,0.11400146624824162,0.03369350410929523,0.09770291891316983,0.27450980392156865,0.04294321642224743,1.6537260909716882,0.5373108527402116,0.049305555555555554,0.034722222222222224,0.013541666666666667
19,2.0,0.11874353003385611,0.03338732070454262,0.10789535495688984,0.0,0.10796980925538112,2.0905897149143895,0.7586906342195764,0.047658862876254184,0.032190635451505016,0.015468227424749164
20,3.0,0.28282291672520155,0.0807162676139441,0.14287089051823157,0.2634920634920635,0.12107440142091616,1.7258220031935634,0.980992444311777,0.050168350168350175,0.03232323232323232,0.016498316498316498
21,0.0,0.13564104293765944,0.09512389251197471,0.12521318534037143,0.22556390977443608,0.05956025090331291,2.135381540682519,0.7311492234970136,0.05512820512820513,0.037606837606837605,0.01752136752136752
22,1.0,0.09821932703397793,0.018588771969518997,0.09728212459882483,0.2544426494345719,0.059356248967068155,1.645970164199393,0.5249629123334338,0.04927536231884058,0.035748792270531404,0.012560386473429951
23,1.0,0.14028186383725447,0.036878797150225094,0.11334215915849329,0.10948905109489052,0.0915760739337929,2.2875956336411396,0.7839440266209048,0.03823529411764706,0.02516339869281046,0.013398692810457516
24,0.0,0.18626143646792323,0.04660981550612943,0.1133189956377563,0.0,0.07861040974093621,1.72157842159883,0.7397837328802852,0.04511784511784512,0.03198653198653199,0.01212121212121212
25,2.0,0.14789696236054634,0.0406353850947739,0.11450559959169959,0.0,0.1441986017694036,1.7789818397287795,0.7599042885531142,0.03823529411764706,0.02516339869281046,0.013398692810457516
26,3.0,0.14987743178534177,0.0653640171647622,0.13448359073484648,0.0,0.11253103199057522,1.73154694609746,0.6047979210603237,0.05384615384615384,0.036752136752136746,0.015384615384615384
27,0.0,0.20742243910726663,0.0872856839051872,0.14334615093860018,0.0,0.1288073965512367,2.2118857567265175,0.7327563646660564,0.04157706093189964,0.029749103942652327,0.011827956989247311
28,0.0,0.25405618621065146,0.08322474112579441,0.1530933009515624,0.16666666666666666,0.10743682808278887,1.9780071231631362,0.7825152310939874,0.04606060606060606,0.030707070707070707,0.01414141414141414
29,2.0,0.18663183098406314,0.0798693816118973,0.1432717568259887,0.0,0.04366121149456996,1.802578172845053,0.6353123750485633,0.060275962236746555,0.03776325344952796,0.0196078431372549
30,0.0,0.21129627044709853,0.10894488536770092,0.20439281081565464,0.20594965675057209,0.08533250657680401,2.075072322648109,0.8147773403259885,0.046090534979423864,0.03374485596707819,0.011522633744855966
31,1.0,0.045771410833608056,0.050670464426248445,0.07629921496027656,0.2857142857142857,0.09598341445319268,2.519453817125651,0.79293911096243,0.05555555555555555,0.03641975308641975,0.016666666666666666
32,0.0,0.2010258354288447,0.08421647414961127,0.17458515052773924,0.11610619469026551,0.06255309612280334,2.4314414057440144,0.7828961516602612,0.03597883597883598,0.020634920634920634,0.014285714285714287
33,0.0,0.09069159611448618,0.03191580895520916,0.0701695742835817,0.47745358090185674,0.067000596097,2.1819150628435717,0.7433527997739486,0.04157706093189964,0.029749103942652327,0.011827956989247311
34,1.0,0.09563252448557334,0.06055735680183695,0.0549020303779449,0.021778584392014518,0.12284505233019176,2.163638770213087,0.8262943445310705,0.04453935326418548,0.03355704697986577,0.010372178157413056
35,2.0,0.20021230807557383,0.10741157037324822,0.2102736050720647,0.32727272727272727,0.15520038742678155,2.539198843172898,0.9409549750630466,0.060275962236746555,0.03776325344952796,0.0196078431372549
36,1.0,0.20765854819624868,0.0510153575267716,0.10122302656037882,0.1648148148148148,0.06454228273402123,1.4649884799794628,0.5102361896677468,0.03312368972746331,0.020545073375262055,0.011740041928721174
37,0.0,0.11519299115201596,0.06925608651098401,0.12278868983862373,0.0,0.08966114541261273,1.8170881984973033,0.6699204689213505,0.050168350168350175,0.03232323232323232,0.016498316498316498
38,0.0,0.15298515987548847,0.02707191515877612,0.10545070237295011,0.0,0.10405365083160284,2.1892465069049605,0.7683307105467866,0.04338624338624338,0.027160493827160497,0.014109347442680775
39,1.0,0.16124894231689554,0.05583296166272965,0.0734131130549212,0.14539579967689822,0.0732892962743937,1.847470422765426,0.5344002829625781,0.04453935326418548,0.03355704697986577,0.010372178157413056
40,1.0,0.12297866950494472,0.05509443550769733,0.06827632851057379,0.0,0.08894030217883755,1.9253995981983465,0.569825067471629,0.04607843137254902,0.031045751633986925,0.013398692810457516
41,2.0,0.09031932479800964,0.07400750782472253,0.12821303704019352,0.25,0.06742592314711034,2.1620731404968425,0.6407292013060136,0.048039215686274506,0.03366013071895425,0.013398692810457516
42,1.0,0.21837032182219193,0.03653599066598723,0.114499643046999,0.14074074074074075,0.10526985142158878,1.7889349542287056,0.7806519435662805,0.047658862876254184,0.032190635451505016,0.015468227424749164
43,2.0,0.204888168868448,0.09054559628782217,0.13425767404984545,0.04834605597964377,0.11131029805146712,1.5713169098833921,0.7060506234900678,0.05277874868926949,0.036700454386578124,0.015379238028661306
44,2.0,0.17774610616633718,0.049383568321465565,0.1878266837323625,0.47696476964769646,0.08922823525664332,2.4909827788405727,0.9457534194337535,0.046875,0.03194444444444444,0.015277777777777777
45,1.0,0.1268525440580096,0.020812734786261756,0.07629077914467029,0.0,0.0692879137581746,1.8080875059056676,0.5432434225764685,0.041750841750841754,0.028619528619528618,0.011784511784511785
46,1.0,0.11895496793378689,0.0399626300590404,0.11233894001957512,0.12962962962962962,0.07739434567580425,1.6975368083740519,0.6053827186584314,0.04869281045751635,0.032352941176470584,0.016339869281045753
47,1.0,0.03756260434056761,0.0,0.03756260434056761,0.0,0.04692387904066737,1.8869039640276375,0.8073022294717822,0.053968253968253964,0.03809523809523809,0.019047619047619046
48,0.0,0.10021277136206563,0.07475245757844023,0.14477088074527156,0.3,0.0775630674513671,2.343007252135779,0.6838940030172037,0.05802469135802469,0.034567901234567905,0.02469135802469136
49,1.0,0.1067102052992178,0.03747608628370799,0.08740069226591626,0.13960784313725488,0.04660824897149513,1.9215442617108198,0.6352175285386527,0.051440329218107,0.03374485596707819,0.01851851851851852
50,4.0,0.2470341925059285,0.06640274048202437,0.17081723356498393,0.15636363636363637,0.07669853327259614,2.1357234737261317,0.7644620555722194,0.054074074074074066,0.04074074074074074,0.012592592592592593
51,1.0,0.10230498521753593,0.09660436357247881,0.13791319813247568,0.19438444924406048,0.08975984071177244,1.5885816458658002,0.5829072003752241,0.04673202614379085,0.032352941176470584,0.013398692810457516
52,1.0,0.19095326974231683,0.03433422298727803,0.09574893328796205,0.0,0.07296947780615633,1.7313725872798424,0.6175169000320192,0.07186544342507645,0.053516819571865444,0.01529051987767584
53,1.0,0.1926408415794001,0.09380564506492226,0.19986054770998363,0.2740740740740741,0.07188868093285164,2.421450942261509,0.744377646978474,0.05050505050505051,0.03535353535353535,0.01515151515151515
54,0.0,0.10945567062505612,0.00764584281603347,0.029388861467274315,0.0,0.027173368187010532,1.2676450967694655,0.31905004656582814,0.04781144781144781,0.034006734006734006,0.013804713804713804
55,0.0,0.1498654458929802,0.017196904557179708,0.12737611192242523,0.0,0.07715820072105112,2.098507055466836,0.6668399732692941,0.04119985543910372,0.02855077701481749,0.012649078424286229
56,0.0,0.21568091306829465,0.05433896764988354,0.1091403563114714,0.0,0.027282312143843895,1.9926935069726495,0.5898164867266393,0.0371859296482412,0.02914572864321608,0.008040201005025126
57,3.0,0.22296155627723008,0.09348804428717099,0.1211592772053805,0.16822429906542055,0.10709732125066072,2.1343667769219694,0.8509048469136145,0.047619047619047616,0.03597883597883598,0.012698412698412698
58,1.0,0.0764931977843106,0.0034317089910775567,0.04823811079146477,0.15483870967741936,0.05353276843891424,1.4721536558646764,0.5756107661036094,0.04895833333333333,0.03263888888888889,0.013888888888888888
59,3.0,0.17790799225203613,0.07404749860105843,0.11543436658491267,0.0,0.13448387704940232,1.7588722378343307,0.7720195329764351,0.053488372093023255,0.031162790697674417,0.02046511627906977
60,1.0,0.13603756547438026,0.028430051927677134,0.07607991275127002,0.18518518518518517,0.06021393912245132,1.3000396251226116,0.4605751022737784,0.03823529411764706,0.02516339869281046,0.013398692810457516
61,2.0,0.15981065555879773,0.04744492137802448,0.12304594718475538,0.14446227929373998,0.087111491955898,2.1191768343765593,0.6694905739342513,0.05,0.03095238095238095,0.01825396825396825
62,1.0,0.1815407299739542,0.033757322728271415,0.11562435927867869,0.0,0.0800260819885872,1.6376897228940954,0.5843567934647619,0.04738562091503268,0.03594771241830065,0.012091503267973855
63,3.0,0.1995935728174087,0.04732012716352117,0.10590002112382557,0.04536489151873767,0.11320045914277133,1.8447069366788234,0.740414231014127,0.03597883597883598,0.020634920634920634,0.014285714285714287
64,2.0,0.19815463466517108,0.035116394500147904,0.09059617971956553,0.0893854748603352,0.11438633680445934,1.5452065036438163,0.5918711953695304,0.046090534979423864,0.03374485596707819,0.011522633744855966
65,4.0,0.20443894662565779,0.10239775078724406,0.19142300401685786,0.24166666666666667,0.08797002219127052,2.345728685241939,0.7770100219446182,0.05555555555555555,0.03641975308641975,0.016666666666666666
66,0.0,0.18538285244381522,0.04622814480110083,0.08489460584879159,0.0,0.10800488560328882,1.7724832797427261,0.6892038051182432,0.048039215686274506,0.03366013071895425,0.013398692810457516
67,0.0,0.08875903062277982,0.054355361640526,0.10570498920426208,0.11320754716981132,0.039831136608962696,1.9842923344071899,0.6305328526978887,0.055882352941176466,0.036274509803921565,0.016339869281045753
68,2.0,0.12508755631687812,0.0846665382301646,0.15486480807240458,0.1875,0.11380550338710994,2.154250312945377,0.7625561137817208,0.055882352941176466,0.036274509803921565,0.016339869281045753
69,1.0,0.21213740254896676,0.04847934753557611,0.13543271890578273,0.4067940552016985,0.10489961020233655,2.125330276765052,0.721197274591273,0.04205607476635514,0.03193146417445483,0.008566978193146418
70,1.0,0.1282894474909893,0.06871054636230987,0.1508548406966179,0.2459016393442623,0.08212785095412777,1.8342010813536502,0.6184543689608134,0.04927536231884058,0.035748792270531404,0.012560386473429951
71,1.0,0.13475132884603386,0.0354487129802923,0.07931666520663919,0.14354066985645933,0.05255241777884878,1.6949306052877333,0.6136014621894068,0.048039215686274506,0.03366013071895425,0.013398692810457516
72,0.0,0.07927647025041595,0.05791190405297109,0.11950343035914672,0.16260162601626016,0.05079876520523782,2.1177023963034656,0.7892796153400152,0.04869281045751635,0.032352941176470584,0.016339869281045753
73,0.0,0.1580953397877212,0.015419731377036668,0.09672343020135647,0.0,0.051775937769489556,1.680635531995191,0.5816557557802687,0.053488372093023255,0.031162790697674417,0.02046511627906977
74,0.0,0.14623819980260763,0.020288151153288487,0.11430158983212903,0.28276481149012567,0.06827978580118554,2.071087547797098,0.6656228485123395,0.04453935326418548,0.03355704697986577,0.010372178157413056
75,0.0,0.15637670893232997,0.1092204236077535,0.21256005978624196,0.3103448275862069,0.0992465895931575,2.3031446795242076,0.8467082067509617,0.05684931506849315,0.04246575342465753,0.01404109589041096
76,0.0,0.13523270122352193,0.02602822024037307,0.10056887876886449,0.0,0.054454693294115654,1.8166514337587794,0.6788333040458406,0.042328042328042326,0.027513227513227514,0.014814814814814814
77,2.0,0.180390408675165,0.10570926368602448,0.1819632307179508,0.13574660633484162,0.12996302576799562,1.901507244412149,0.7586055688801201,0.0457516339869281,0.03137254901960784,0.013071895424836602
78,4.0,0.2596909384716519,0.1306491003920974,0.1859169365046494,0.20110192837465565,0.17155918472529808,1.7700753653820738,0.7832550360497442,0.05351027397260274,0.03125,0.020976027397260275
79,1.0,0.06625144500630245,0.010445487611527342,0.1845523504336185,0.0,0.03659099472454656,1.8100209052675098,0.8412851983598211,0.06442227763923525,0.04405652535328346,0.020365752285951787
80,2.0,0.13978154951117253,0.014275228014811682,0.04440939910073011,0.14285714285714285,0.024312578210861954,1.5525100930490616,0.4442274192811761,0.054814814814814816,0.0362962962962963,0.015555555555555555
81,1.0,0.06442600221141699,0.048224013115534696,0.1352115968628672,0.0,0.03412991507874561,1.493552110846079,0.6093345107153967,0.03823529411764706,0.02516339869281046,0.013398692810457516
82,0.0,0.08458687236499099,0.020621350716024976,0.10666522935214556,0.2874087591240876,0.06420142030231561,1.7169589052451606,0.5605462683475665,0.059259259259259255,0.044444444444444446,0.014814814814814814
83,2.0,0.13862568364569103,0.05955920239691387,0.07173372903076447,0.1744186046511628,0.019513902411874777,1.9943656118998894,0.5775615033212278,0.048039215686274506,0.03366013071895425,0.013398692810457516
84,1.0,0.22418912738208627,0.0,0.10361214418843366,0.0,0.09670763444079766,2.6550071412217706,0.8634441968952065,0.04673202614379085,0.032352941176470584,0.013398692810457516
85,1.0,0.11630114336559103,0.08538747559512588,0.1292116298359468,0.31851851851851853,0.05375455732018366,1.2628072619757975,0.4424289917948088,0.06441717791411043,0.03374233128834356,0.024539877300613498
86,3.0,0.10162417784699347,0.045352986903454316,0.051720701740743745,0.0,0.10006423506970763,2.0067627335377076,0.5963331036866037,0.05238095238095238,0.036904761904761905,0.015476190476190475
87,0.0,0.1691599052788113,0.09336894490511434,0.17413637274816113,0.1744186046511628,0.10462284473943095,1.8313597824358512,0.6834143946567318,0.05288888888888889,0.035555555555555556,0.017333333333333333
88,1.0,0.10724872126428817,0.05479231235951783,0.13153145710927588,0.15517241379310345,0.09415558774005399,2.3910004239294405,0.8294306770347387,0.03333333333333333,0.022222222222222223,0.011111111111111112
89,2.0,0.07785880357752185,0.05349565206829452,0.09848277826346373,0.22760290556900725,0.07651326360748414,2.0374517629805413,0.7002414103825844,0.05684931506849315,0.04246575342465753,0.01404109589041096
90,4.0,0.2664863937480312,0.07932403390291809,0.1779609213627242,0.17716535433070865,0.1142856110402788,2.272512942405603,0.8874115835418339,0.06666666666666667,0.04285714285714286,0.023809523809523808
91,0.0,0.16616337874328857,0.034631464668855826,0.08808891973164476,0.12222222222222222,0.02601378209139105,1.5539114237684075,0.6200772959816157,0.05473251028806584,0.03786008230452675,0.016049382716049384
92,0.0,0.19929111091768079,0.04486696113538783,0.0740407610802676,0.0,0.10440949408536,1.9236881651281754,0.6428070492206316,0.0465341735336888,0.031022782355792537,0.01454192922927775
93,0.0,0.15050449587709058,0.08356984176366125,0.13856302129054038,0.14629629629629629,0.0661936328861657,2.1807943299433403,0.7289689268884078,0.048559670781893,0.03292181069958847,0.014814814814814814
94,2.0,0.18637558227882442,0.07078622991377316,0.16393740380529856,0.16666666666666666,0.10332829322694445,1.812748172322689,0.7150329524180761,0.049305555555555554,0.034722222222222224,0.013541666666666667
95,1.0,0.24295706176270598,0.06705570125157154,0.1654228276243206,0.2671009771986971,0.053469198152831986,2.0188128324993526,0.6657885398066693,0.048559670781893,0.03292181069958847,0.014814814814814814
96,3.0,0.2926827739811028,0.09735958679181989,0.13632868955344996,0.37894736842105264,0.19764378280725464,2.1384596149116435,0.9247155524889988,0.04490740740740741,0.03287037037037037,0.011574074074074075
97,3.0,0.2069052588851373,0.03962487831250487,0.1064619803759894,0.0,0.012135352485297294,1.5662454002796333,0.5195396901869919,0.048039215686274506,0.03366013071895425,0.013398692810457516
98,0.0,0.11388100049206802,0.01272984441301273,0.10005687748096818,0.0,0.035066173039456895,1.2335938017221537,0.4647386593599941,0.048039215686274506,0.03366013071895425,0.013398692810457516
99,2.0,0.15557333518863367,0.07752348652752537,0.13865005460901636,0.17777777777777778,0.13333639424473706,1.7322523727250587,0.5987655887105382,0.0457516339869281,0.03137254901960784,0.013071895424836602
100,2.0,0.20533169969852993,0.0656826379404766,0.20226297602939305,0.22654867256637168,0.09788063929054348,1.7741029642031962,0.7800363704862296,0.047619047619047616,0.03597883597883598,0.012698412698412698
101,2.0,0.12123123137244154,0.03789952835370211,0.11383905581575825,0.3829787234042553,0.0747108992355513,2.103144133232563,0.8628460200175954,0.053086419753086415,0.03374485596707819,0.01934156378600823
102,2.0,0.07637046410886612,0.07838877515136244,0.07230255198194595,0.0,0.07572928008485132,1.6704519830468667,0.4610282999792579,0.05169920462762111,0.039045553145336226,0.01373825018076645
103,1.0,0.213625799454875,0.05106362344117101,0.07369529585178528,0.0,0.11179646657104553,2.0521539014306027,0.7038062119558517,0.04606060606060606,0.030707070707070707,0.01414141414141414
104,2.0,0.10128606249018557,0.08393780412309368,0.15867870783397892,0.132973944294699,0.06281834123271943,2.3816925384803977,0.8754750151536389,0.055882352941176466,0.036274509803921565,0.016339869281045753
105,3.0,0.2049217828797207,0.0959290063368914,0.18147744484241535,0.25,0.07701837272389264,1.480694921880321,0.613112519081442,0.041750841750841754,0.028619528619528618,0.011784511784511785
106,1.0,0.19622132527423877,0.03820307217502925,0.09774688185638686,0.0,0.07067197027991919,1.7084668750880756,0.6620293918411962,0.041750841750841754,0.028619528619528618,0.011784511784511785
107,0.0,0.23251613053724177,0.03528113309281593,0.1087563101732259,0.1965065502183406,0.11604661534777355,1.615295937568429,0.6118229878882192,0.05384615384615384,0.036752136752136746,0.015384615384615384
108,3.0,0.2004347791908672,0.043420760423566476,0.13472117838068728,0.2995008319467554,0.1026577550802344,1.8139092623787463,0.7397942472515144,0.062418300653594765,0.04477124183006536,0.016339869281045753
109,2.0,0.08301904660932946,0.07806474034548982,0.1879101598874381,0.3390928725701944,0.07487156956036278,2.1695159663499592,0.7885582451525645,0.047658862876254184,0.032190635451505016,0.015468227424749164
110,1.0,0.13136308302390765,0.03368263473053892,0.09089041817354482,0.1,0.08044799149782873,1.889939981225181,0.6433435181676275,0.04119985543910372,0.02855077701481749,0.012649078424286229
111,1.0,0.11675640487988662,0.06512548290368114,0.08741817691889925,0.0,0.06699714401293011,1.7831293205077234,0.5329642183567864,0.0468013468013468,0.0303030303030303,0.015488215488215488
112,1.0,0.12954283169750597,0.01865629830636615,0.10732200331118655,0.2791666666666667,0.06810823378417165,1.8414073200842709,0.6187781478236803,0.04738562091503268,0.03594771241830065,0.012091503267973855
113,0.0,0.2512707636648422,0.07829648529657023,0.11477747640395332,0.2762605042016807,0.0806896869714499,1.7612012030348765,0.5899365354801205,0.041750841750841754,0.028619528619528618,0.011784511784511785
114,0.0,0.17508053850460017,0.05947810738531592,0.08395966071554463,0.14285714285714285,0.06723934568848806,1.7555456489726444,0.6432047586512387,0.05798611111111111,0.03784722222222222,0.01875
115,1.0,0.11231351493791666,0.028484555771668776,0.0755106102775847,0.2857142857142857,0.08831497118530086,1.8714550038840072,0.7887845974399647,0.04909028492962582,0.029866117404737387,0.017851012701682115
116,1.0,0.07584157558358727,0.040702280102560974,0.093298704988256,0.0,0.08141202962961039,2.491859148219109,0.8277058171183898,0.06666666666666667,0.05,0.015555555555555555
117,0.0,0.1547579630816592,0.013025306673656478,0.046588179633515234,0.0,0.0354562975386562,1.3583713831800417,0.3645369468824749,0.05,0.03095238095238095,0.01825396825396825
118,1.0,0.2474455330486439,0.047882026558610714,0.1456251432276891,0.13333333333333333,0.07516174850847969,2.014845300270079,0.7343917758534082,0.04607843137254902,0.031045751633986925,0.013398692810457516
119,0.0,0.10400182807928551,0.059670327629472344,0.12454253915618525,0.1144927536231884,0.06088043961662128,1.370271282971723,0.5694712059898371,0.055882352941176466,0.036274509803921565,0.016339869281045753
120,0.0,0.10099389306638985,0.04569455968548297,0.08490879631084688,0.26401869158878505,0.04967222836542192,2.1013959405097293,0.6377956119745025,0.04909028492962582,0.029866117404737387,0.017851012701682115
121,1.0,0.2112818408822354,0.07433639809459235,0.12118399333540815,0.0,0.09840006495163363,1.7774486364228383,0.6505230302315193,0.054074074074074066,0.04074074074074074,0.012592592592592593
122,2.0,0.2383283498265874,0.04511630795090495,0.11662849185844051,0.0,0.10348776445036688,2.059240684629666,0.6849946259209266,0.04338624338624338,0.027160493827160497,0.014109347442680775
123,0.0,0.02932183444389622,0.03558133573756072,0.03685601227182985,0.14715719063545152,0.0873383632215657,1.097688889818279,0.3603642404011536,0.052255225522552254,0.0363036303630363,0.013751375137513752
124,1.0,0.10699453674748695,0.024795835434208557,0.06770039482353872,0.0,0.1267532982434608,1.5581764465822001,0.6618033424872642,0.05555555555555555,0.03641975308641975,0.016666666666666666
125,3.0,0.19593369072467098,0.037093903113185854,0.08442262184126362,0.09074074074074075,0.09266172538535684,1.7444237217842917,0.7162676201600512,0.0654320987654321,0.04567901234567901,0.017695473251028805
126,0.0,0.06967969655336721,0.07586464788202839,0.14316240962913881,0.4297385620915033,0.07371403765198718,2.477194962455157,0.6833583297117677,0.05512820512820513,0.037606837606837605,0.01752136752136752
127,2.0,0.17384174263654367,0.04023203151758304,0.06385817088660978,0.0,0.11620566073208174,1.5393520547668655,0.6099173817993992,0.07222222222222222,0.05,0.022222222222222223
128,2.0,0.15149033746839888,0.04414883866094471,0.10179802963912404,0.0,0.04924095345774896,1.153315755196233,0.44341145960693956,0.04787000439174352,0.032059727711901624,0.014931927975406236
129,0.0,0.18542838711126067,0.03532208519278056,0.09589584995928167,0.0,0.07813793646547458,1.7941553434566027,0.6604107550787212,0.04511784511784512,0.03198653198653199,0.01212121212121212
130,0.0,0.0889408627958247,0.06590483759802962,0.09154269740115972,0.1,0.06769853817366218,1.914609551353552,0.6344764338883767,0.04909028492962582,0.029866117404737387,0.017851012701682115
131,1.0,0.10931651459460275,0.028852185244572077,0.09247083315688104,0.0,0.08103425912332902,1.7841458066367883,0.624580174909501,0.04173441734417344,0.03197831978319783,0.008130081300813007
132,0.0,0.10106173648211801,0.04226426725363043,0.0818806044726455,0.17509727626459143,0.07778792934578636,1.4572519126510752,0.5269886864006176,0.04781144781144781,0.034006734006734006,0.013804713804713804
133,2.0,0.21728440710706043,0.10709289523512387,0.13716322469637357,0.20506912442396313,0.09140665537180696,1.9970515049746687,0.7787171148472359,0.04511784511784512,0.03198653198653199,0.01212121212121212
134,2.0,0.14780102149485605,0.08229300804387162,0.07279028330535137,0.19522776572668113,0.08766726453734167,1.7779327142283368,0.5598143343956686,0.055,0.03666666666666667,0.017777777777777778
135,2.0,0.16225817258752867,0.018940920552080714,0.09605699757098657,0.0,0.04646492920657075,1.7929287780917256,0.6793773469972058,0.05387205387205388,0.038047138047138045,0.014814814814814814
136,0.0,0.06699326568315804,0.010302437091268688,0.04190458713834801,0.14747474747474748,0.0,1.6460441987453733,0.529030314168826,0.04594500522102332,0.03167420814479638,0.012182387747998607
137,2.0,0.12466091394357945,0.06725142847640238,0.12230191132215111,0.4205607476635514,0.06527330686190833,1.822198342054166,0.5956980451723392,0.041750841750841754,0.028619528619528618,0.011784511784511785
138,2.0,0.15062531968762496,0.07020753169237778,0.13933251530052726,0.15306122448979592,0.09619663907782593,1.8970854057176585,0.679059359930521,0.055882352941176466,0.036274509803921565,0.016339869281045753
139,4.0,0.20798497758063966,0.09002338819346697,0.15180539783116992,0.16666666666666666,0.11347095031864556,1.8137311116407515,0.743809952019743,0.05384615384615384,0.036752136752136746,0.015384615384615384
140,2.0,0.25171756173418625,0.07246614212341512,0.12022112060097673,0.15630885122410546,0.12159743101777738,2.0687589715572656,0.7025817741799529,0.054214760405736265,0.037425673312346974,0.01713885974116824
141,1.0,0.18248715025310178,0.08496820431850886,0.1565483356098843,0.10861423220973783,0.11146613516589139,1.8946884278333174,0.7079124989304698,0.05512820512820513,0.037606837606837605,0.01752136752136752
142,0.0,0.10976139453318097,0.056036571501405834,0.04696908928374597,0.0,0.11033044850620845,2.1373722408215072,0.558127542999679,0.046090534979423864,0.03374485596707819,0.011522633744855966
143,1.0,0.07908447593722367,0.04410303615912067,0.12850320310122654,0.0,0.03155741437940248,1.6874944596713581,0.6202056641210743,0.0654320987654321,0.04567901234567901,0.017695473251028805
144,0.0,0.16116377177646818,0.06670950242534826,0.0824804784054035,0.1875,0.0296351918001781,1.865562784240885,0.5908979466824422,0.04607843137254902,0.031045751633986925,0.013398692810457516
145,1.0,0.083176390426412,0.011797616124514944,0.09312474672190175,0.22098765432098766,0.012337977403479587,1.8449485393978553,0.5946587306585847,0.032679738562091505,0.022222222222222223,0.00980392156862745
146,0.0,0.14004694168177947,0.02954617081626221,0.07745637880476534,0.08771929824561403,0.06718086782761463,1.808386309753094,0.6311140027560544,0.04511784511784512,0.03198653198653199,0.01212121212121212
147,3.0,0.1015686827008291,0.02531641053203865,0.042958724600460095,0.1239870340356564,0.07741175407463823,1.1712060234346788,0.38846520324710915,0.05351027397260274,0.03125,0.020976027397260275
148,0.0,0.21734676303924474,0.04279592585100933,0.1555963157804935,0.3653444676409186,0.07714580030575312,2.0546638550932976,0.6788316526147085,0.05824175824175824,0.03956043956043956,0.015384615384615384
149,1.0,0.2774073090565961,0.06065290195365379,0.12606040331779805,0.25,0.15168589593538637,2.247481521536288,0.8518922606555943,0.04173441734417344,0.03197831978319783,0.008130081300813007
150,0.0,0.13548590707908653,0.016365643867566105,0.04977519557946521,0.012962962962962963,0.019713917231645985,1.533566345325809,0.44174454640076755,0.04563492063492063,0.03015873015873016,0.014682539682539682
151,2.0,0.09133902532184592,0.08331942478489245,0.1482958741396248,0.2984409799554566,0.08277789032819642,2.3549142743091127,0.6751253261625595,0.05512820512820513,0.037606837606837605,0.01752136752136752
152,1.0,0.19140954184460174,0.08991644861339618,0.16777977541943026,0.16759776536312848,0.10052256435517887,1.8206516440252847,0.6583567129187653,0.04781144781144781,0.034006734006734006,0.013804713804713804
153,2.0,0.10704363372501004,0.04464010595995569,0.06721206718466938,0.0,0.110819611974063,2.3235028888178695,0.7167295975300556,0.0468013468013468,0.0303030303030303,0.015488215488215488
154,5.0,0.2831939010948785,0.09968385135763742,0.16454044588832215,0.16728624535315986,0.11658765266645979,1.7777885221956542,0.7269461173641114,0.05238095238095238,0.036904761904761905,0.015476190476190475
155,1.0,0.13849606219881544,0.005022537025112684,0.074152829727025,0.023111111111111114,0.04137157341628875,1.573176596155211,0.4618563635801883,0.055,0.03666666666666667,0.017777777777777778
156,1.0,0.15817820593557316,0.028187394203668385,0.07472934091975639,0.0,0.07999867030733362,1.3862567362897324,0.5048642017305002,0.04453935326418548,0.03355704697986577,0.010372178157413056
157,0.0,0.2297674024827287,0.04556966910130843,0.1086503196011276,0.31968810916179335,0.10300603374044386,2.0489892649729113,0.7647884105437555,0.04869281045751635,0.032352941176470584,0.016339869281045753
158,3.0,0.08897241432812619,0.040996605864055326,0.12829388618030046,0.35784313725490197,0.07011762056192415,1.8259364791701422,0.6698465730468918,0.0524179912073047,0.03145079472438282,0.01927629354075076
159,0.0,0.16314011718754703,0.09358470316695482,0.13931355422294608,0.3333333333333333,0.10553827744870141,1.4494055058684907,0.6204919698426288,0.053488372093023255,0.031162790697674417,0.02046511627906977
160,2.0,0.17725575676469194,0.04132576400858677,0.19854497240739416,0.25,0.061721295459034,2.374557065005603,0.8537503788131415,0.04453935326418548,0.03355704697986577,0.010372178157413056
161,2.0,0.13435492732414686,0.0696299159656504,0.1739649132464793,0.2,0.10506112849750172,1.8310594546179992,0.7113924308373241,0.03823529411764706,0.02516339869281046,0.013398692810457516
162,1.0,0.19247399726845965,0.05212213356650282,0.05935633687976795,0.0,0.08871578718143303,1.9547121403183685,0.6237687977799731,0.049305555555555554,0.034722222222222224,0.013541666666666667
163,2.0,0.2448915557148068,0.07216133252108815,0.12005469801883512,0.2,0.10265178136674617,1.7918907654440956,0.6021038765129249,0.04787000439174352,0.032059727711901624,0.014931927975406236
164,2.0,0.19944429648727577,0.04465769398614382,0.10610031821113447,0.2841269841269841,0.09535668807363032,2.029621920285121,0.6446361492594042,0.055882352941176466,0.036274509803921565,0.016339869281045753
165,1.0,0.22949510117209113,0.04121516179074002,0.13704764099878916,0.33210332103321033,0.10568227736554026,1.828062281214783,0.7177038285593113,0.041750841750841754,0.028619528619528618,0.011784511784511785
166,1.0,0.10939443308382682,0.07591631281137534,0.20945007378459093,0.2727272727272727,0.058985263747245144,2.1806258186025422,0.7887782312077206,0.04338624338624338,0.027160493827160497,0.014109347442680775
167,0.0,0.12269434539114495,0.03653510500990458,0.12763874129012234,0.35294117647058826,0.07172079407007306,2.1718056538614032,0.9664342441750551,0.05684931506849315,0.04246575342465753,0.01404109589041096
168,1.0,0.1222880326068683,0.0922319498040463,0.15753437030175052,0.1,0.11300551573617884,1.9381479836633886,0.7796153324177562,0.03333333333333333,0.02516339869281046,0.008823529411764706
169,2.0,0.14290355540001326,0.03471992185053645,0.08029833156034538,0.08498168498168497,0.06947630697339384,1.619143506643341,0.5406289974241771,0.027777777777777776,0.016666666666666666,0.011111111111111112
170,1.0,0.17574582902970956,0.04723880501362879,0.10836447120502889,0.1782178217821782,0.06818053840384046,1.591279657500491,0.5761312005952025,0.04511784511784512,0.03198653198653199,0.01212121212121212
171,2.0,0.14827061090123872,0.06946283083263274,0.12290877253733343,0.15873015873015872,0.07245695534111063,1.5972113608694793,0.5124859236341808,0.044444444444444446,0.027777777777777776,0.014814814814814814
172,1.0,0.22293866595892403,0.0582823881698665,0.11661163603570043,0.23318385650224216,0.05682326696480759,2.1820591410698995,0.6855223293221996,0.05277777777777778,0.03888888888888889,0.011111111111111112
173,0.0,0.13617447888740183,0.07795060839803857,0.08399878697915769,0.17341040462427745,0.06321458201595298,1.9276526329347987,0.6306612794303851,0.04375,0.03194444444444444,0.010763888888888889
174,1.0,0.1074899140923939,0.023032982996723232,0.09532904283538633,0.09240246406570841,0.0697517099008144,1.4560109552762923,0.5054257132804918,0.05,0.036274509803921565,0.013725490196078431
175,1.0,0.1947292871059373,0.11018361398016188,0.18425910201248005,0.42115027829313545,0.11908662302251989,2.0463050817873176,0.8233461696728005,0.04406130268199234,0.03103448275862069,0.01264367816091954
176,1.0,0.17070529541155646,0.01896309715375734,0.10275573575829251,0.04212860310421286,0.05509654190830092,2.008296427532599,0.6336516989262362,0.04607843137254902,0.031045751633986925,0.013398692810457516
177,2.0,0.14170441839637873,0.03142008216342061,0.10430637953951391,0.0,0.13079774531659397,1.733918845456694,0.7064242293563001,0.04119985543910372,0.02855077701481749,0.012649078424286229
178,0.0,0.1811443513306396,0.08825740951567958,0.16529384757308158,0.17962962962962964,0.09867971295858914,1.8795373605930508,0.6692896864326902,0.0468013468013468,0.0303030303030303,0.015488215488215488
179,4.0,0.15578693431995688,0.050147957936197814,0.13153270681552612,0.3581847649918963,0.11487609823941962,1.743652512340157,0.647699209414095,0.05,0.03095238095238095,0.01825396825396825
180,2.0,0.16848552971794267,0.08991541466760351,0.1944890598604651,0.32222222222222224,0.06787566522996351,2.2806055525245674,0.7055061526867338,0.06015037593984962,0.03508771929824561,0.02255639097744361
181,0.0,0.25193159971804585,0.06647693367225364,0.12042784584339077,0.3486140724946695,0.08141022245871687,1.5376185058521312,0.5638936094804664,0.022222222222222223,0.022222222222222223,0.0
182,3.0,0.20545188920028618,0.016442293639065263,0.1490369814064259,0.3383458646616541,0.09397662845319121,2.210329320799072,0.7417736798222379,0.04119985543910372,0.02855077701481749,0.012649078424286229
183,0.0,0.014916912904830168,0.01504691095769163,0.04419622476265012,0.1574074074074074,0.022570366436537443,1.406971891681096,0.32170747684848344,0.04666666666666667,0.034444444444444444,0.015555555555555555
184,0.0,0.1564662232112193,0.06523914091507901,0.17775280166324847,0.20785219399538107,0.0838548883341759,2.088276254628876,0.7910805972587247,0.041750841750841754,0.028619528619528618,0.011784511784511785
185,1.0,0.16219062282953398,0.02090728395861809,0.07936418271758483,0.0,0.09098251234955801,1.9186095034987773,0.6606248705699491,0.04157706093189964,0.029749103942652327,0.011827956989247311
186,4.0,0.2354967955649256,0.09021497938529431,0.1859622576540168,0.20224719101123595,0.12910857713158644,1.932232767884434,0.8210588366785235,0.054214760405736265,0.037425673312346974,0.01713885974116824
187,1.0,0.12973991586874406,0.04454451466119457,0.042870213797133176,0.0,0.13870247325667595,2.4110584413335006,0.7798405247869241,0.04781144781144781,0.034006734006734006,0.013804713804713804
188,0.0,0.13057450185954328,0.08248358981965098,0.15136011276856934,0.133630289532294,0.12002277420953393,1.7956913937869277,0.6663505188918806,0.06666666666666667,0.05,0.015555555555555555
189,0.0,0.20899022338798873,0.11153820233612655,0.25616189297803316,0.3333333333333333,0.17130353317661012,2.1964861337146306,1.0797510201838072,0.047619047619047616,0.03597883597883598,0.012698412698412698
190,2.0,0.1054031744758416,0.01742531183808495,0.04637424389733212,0.0,0.09619846967914701,1.409345135748268,0.5169626423863131,0.048559670781893,0.03292181069958847,0.014814814814814814
191,2.0,0.18435633793357117,0.05775961351018354,0.1676544060571497,0.1174934725848564,0.14453792227817142,2.806783583195284,1.0893673200300915,0.0654320987654321,0.04567901234567901,0.017695473251028805
192,0.0,0.12832170951836244,0.03486339627244576,0.07740084093100282,0.21238938053097345,0.05501147564207197,2.012510493866796,0.6627348738534575,0.04453935326418548,0.03355704697986577,0.010372178157413056
193,2.0,0.10121572010337378,0.02628427142285648,0.0968111827893497,0.37701149425287356,0.09391938751294604,2.1471211865512942,0.8736304565301968,0.04378818737270876,0.02987101154107264,0.013238289205702646
194,1.0,0.1337393246750618,0.05435272899497823,0.07175822759619988,0.13703703703703704,0.1059336819231339,1.961813332117452,0.7256745897946549,0.049305555555555554,0.034722222222222224,0.013541666666666667
195,1.0,0.0759783754734633,0.03516186929446056,0.09969417365235284,0.004608294930875576,0.06792342345031835,1.349471235895719,0.5175197758029783,0.03333333333333333,0.02516339869281046,0.008823529411764706
196,3.0,0.22154503059712363,0.04716441515427521,0.1387804719966988,0.16666666666666666,0.06657397272431441,1.8396040839107093,0.6904588366207428,0.053086419753086415,0.03374485596707819,0.01934156378600823
197,2.0,0.13018130709144263,0.030680947265488416,0.09670864269452367,0.15587044534412955,0.07825422586406833,1.5909662602070764,0.6064935008024058,0.054814814814814816,0.0362962962962963,0.015555555555555555
198,1.0,0.1781917193849133,0.013486284929879345,0.07287247945844592,0.0,0.03443796108155928,2.032841009416008,0.690959820446083,0.04594500522102332,0.03167420814479638,0.012182387747998607
199,5.0,0.21466361949431553,0.062148257756334445,0.20728882172313456,0.4501039501039501,0.041693258268211374,2.118641413618641,0.6254936252745399,0.04606060606060606,0.030707070707070707,0.01414141414141414
200,4.0,0.26190618190475523,0.05905639272149897,0.14795889921528874,0.17208413001912046,0.07007009608794976,1.8721535809903,0.6274161332298491,0.055882352941176466,0.036274509803921565,0.016339869281045753
201,0.0,0.14532781239076598,0.049761061990590584,0.14169045200013927,0.25,0.0777557027319254,2.09002447156874,0.6783823592718922,0.0457516339869281,0.03137254901960784,0.013071895424836602
202,1.0,0.1750224715461687,0.08284218156292138,0.151696411481797,0.25555555555555554,0.13393036087461307,1.7664786194263302,0.6842260573534111,0.060275962236746555,0.03776325344952796,0.0196078431372549
203,1.0,0.10194290490036097,0.03181914466626868,0.0939733818529972,0.25,0.0798903080145197,1.9810321201507037,0.8008868527497057,0.05169920462762111,0.039045553145336226,0.01373825018076645
204,2.0,0.1005255264082153,0.0538165108957984,0.11072941372317432,0.05555555555555555,0.05480669456340778,1.478601659739346,0.5252062694960207,0.046031746031746035,0.0365079365079365,0.007936507936507936
205,4.0,0.05939302554037335,0.06120392914113005,0.1157595490216365,0.0,0.0037537711497198575,1.0415566766271942,0.38090714841471407,0.05802469135802469,0.034567901234567905,0.02469135802469136
206,1.0,0.25015308903297384,0.036221110386551396,0.13783949778399435,0.13452914798206278,0.0648815562410311,1.9154551424621662,0.7126338138443048,0.04607843137254902,0.031045751633986925,0.013398692810457516
207,2.0,0.12102468658253042,0.00879275968799005,0.07218080255173678,0.0,0.043535132980332916,1.563434283551895,0.4695225702543809,0.05387205387205388,0.038047138047138045,0.014814814814814814
208,2.0,0.25469066933404266,0.0424163594946096,0.13272175371517989,0.3345724907063197,0.11064969656212123,1.7914009280056968,0.6712936141157305,0.04594500522102332,0.03167420814479638,0.012182387747998607
209,4.0,0.14380843150056774,0.03977594364237125,0.06915480968650313,0.19955654101995565,0.058097209225272506,1.6612248892391785,0.5363981796556647,0.05288888888888889,0.035555555555555556,0.017333333333333333
210,3.0,0.12489659313172279,0.03705719761267594,0.08310823442122543,0.0,0.16159286223472524,1.8595169143714363,0.7957822851314349,0.04787000439174352,0.032059727711901624,0.014931927975406236
211,1.0,0.1713679739575366,0.01302242751405198,0.062291769011265506,0.15294117647058825,0.04002558477299502,2.147461474042813,0.5857319044959753,0.03823529411764706,0.02516339869281046,0.013398692810457516
212,1.0,0.16127154205968253,0.07606621825725154,0.14980981190045495,0.0,0.03425695065155008,1.8028699958359493,0.5830476342560138,0.046153846153846156,0.03162393162393162,0.013675213675213675
213,1.0,0.193416271363765,0.06669735305812594,0.12529902594137604,0.14802631578947367,0.08124024581574867,1.5973830424660715,0.5974485494240761,0.032679738562091505,0.022222222222222223,0.00980392156862745
214,0.0,0.2593160263512491,0.03861520175955489,0.08557358763644417,0.36,0.1315650636723582,1.9570108984290904,0.6778159827067597,0.046090534979423864,0.03374485596707819,0.011522633744855966
215,0.0,0.09300434552363517,0.035288505398938866,0.06881426700601491,0.12396694214876033,0.0627036882160336,1.3434029820841578,0.4521632410714064,0.05512820512820513,0.037606837606837605,0.01752136752136752
216,0.0,0.14773285425570643,0.0028894985698441423,0.05741980523706485,0.05945945945945946,0.19302139542471636,2.189805498462015,0.8553426474726141,0.046875,0.03194444444444444,0.015277777777777777
217,1.0,0.14892243358908913,0.048767140085061556,0.1578896397851357,0.37452651515151514,0.042835411326723485,1.951104228583334,0.7135273793758833,0.05351027397260274,0.03125,0.020976027397260275
218,2.0,0.16058450484269118,0.08744956025260693,0.1757111437593654,0.3166023166023166,0.07420822400663629,2.073764372577393,0.6829241862400933,0.05512820512820513,0.037606837606837605,0.01752136752136752
219,0.0,0.18297876567988244,0.03856103208018335,0.07271468356599485,0.0,0.05426392549655988,1.9757600861910487,0.5568838227944377,0.05238095238095238,0.036904761904761905,0.015476190476190475
220,1.0,0.08940576991938383,0.02942093101147418,0.08080843995947211,0.12834224598930483,0.045618688114159034,1.3794457351528655,0.5138362321364561,0.054074074074074066,0.04074074074074074,0.012592592592592593
221,2.0,0.17970784906396714,0.03868147182322296,0.1364622920521551,0.30650958466453676,0.044103839402771586,1.8790735455326042,0.6992309262808513,0.04406130268199234,0.03103448275862069,0.01264367816091954
222,0.0,0.08427105486099859,0.022449823917013955,0.09247487331999667,0.17142857142857143,0.006486954014703762,1.606081391343938,0.4382062487347864,0.04606060606060606,0.030707070707070707,0.01414141414141414
223,2.0,0.1205558467562712,0.06412750444795065,0.1431502322627712,0.19798657718120805,0.07183866830647907,2.3912669981040766,0.742499947229077,0.0465341735336888,0.031022782355792537,0.01454192922927775
224,0.0,0.14352403805687483,0.03575467048252226,0.05384809709345801,0.2,0.07013732060985324,1.9298096291646594,0.5164296190679901,0.042328042328042326,0.027513227513227514,0.014814814814814814
225,2.0,0.16980183379319924,0.03647287562816246,0.10643165781852663,0.0972644376899696,0.06480268205437398,2.1045629358039966,0.717011493242052,0.04563492063492063,0.03015873015873016,0.014682539682539682
226,2.0,0.1506518384809372,0.08691543495569301,0.12382284165494589,0.14583333333333334,0.13745919167821982,2.04327069180247,0.7564984981901743,0.04406130268199234,0.03103448275862069,0.01264367816091954
227,4.0,0.17053708546047133,0.05573348486812852,0.13150321290351982,0.30280373831775703,0.054502220301756554,1.7116698883491792,0.580831082297941,0.05169920462762111,0.039045553145336226,0.01373825018076645
228,1.0,0.14550748392336949,0.04210464578619333,0.09826109506750505,0.14583333333333334,0.08754580418299289,2.1845971830350375,0.7487906360541782,0.055882352941176466,0.036274509803921565,0.016339869281045753
229,1.0,0.15780607719385442,0.04987768682480925,0.09654764621251667,0.14040561622464898,0.0759126459098563,2.045652595987374,0.6208504603493086,0.0654320987654321,0.04567901234567901,0.017695473251028805
230,1.0,0.07388809415405363,0.03349957697981728,0.10674583882709282,0.24369747899159663,0.12068525355411233,2.3785953755123446,0.8831038010263985,0.062418300653594765,0.04477124183006536,0.016339869281045753
231,0.0,0.2492927145691806,0.10784604663926106,0.12738696439114863,0.0,0.08822694548456494,1.706637268343703,0.6197175388776045,0.06442227763923525,0.04405652535328346,0.020365752285951787
232,3.0,0.06335666092890692,0.04275054002290264,0.09370427852503481,0.0,0.09412343252654809,2.216426063793761,0.7729157147006169,0.053488372093023255,0.031162790697674417,0.02046511627906977
233,2.0,0.1498843610950914,0.06650394461944933,0.12266557125738882,0.13273676360924683,0.10213496392341598,1.508346375830164,0.5214642988629439,0.04895833333333333,0.03263888888888889,0.013888888888888888
234,0.0,0.17377747054510384,0.06768626698368348,0.0942387225632764,0.16981132075471697,0.051659692274478065,1.9351402003538078,0.6423521064003417,0.046153846153846156,0.03162393162393162,0.013675213675213675
235,1.0,0.14313533569778783,0.0789364038382525,0.1330672469449053,0.16666666666666666,0.06871567158034426,1.9742674055682077,0.697313291323079,0.03333333333333333,0.02516339869281046,0.008823529411764706
236,1.0,0.07790402506778628,0.012750765045902755,0.03862005899736291,0.0,0.01824020492120214,1.33961454193519,0.27608709013851745,0.05050505050505051,0.03535353535353535,0.01515151515151515
237,0.0,0.19767779052562154,0.04733406626855681,0.09579340103649908,0.16666666666666666,0.08933441928220485,1.6363640238917863,0.6391696768689505,0.04490740740740741,0.03287037037037037,0.011574074074074075
238,1.0,0.09655175598205405,0.034229633894390536,0.055755348846230283,0.25069637883008355,0.05959149538276151,1.9286047841349947,0.610559601632391,0.03611111111111111,0.019444444444444445,0.019444444444444445
239,1.0,0.08662044643186667,0.029952817339757305,0.057494663985492904,0.1859504132231405,0.05284881937300858,1.8151004686850283,0.6249818304859658,0.0541447053186392,0.04216578821274557,0.011499760421657882
240,2.0,0.16793437411088258,0.018927650537786764,0.05469279624514459,0.3279569892473118,0.06281017369727047,1.9686492827334119,0.6735586422425728,0.044444444444444446,0.027777777777777776,0.014814814814814814
241,2.0,0.14301681580000294,0.08455922772989478,0.12121911276143303,0.25210084033613445,0.02502311292557506,1.9134354519107042,0.664434294392291,0.0468013468013468,0.0303030303030303,0.015488215488215488
242,2.0,0.15920603733909766,0.0388503592658905,0.12624437195261337,0.15257731958762888,0.10478493897391308,1.7800160705091563,0.7247876934752884,0.050793650793650794,0.026984126984126982,0.023809523809523808
243,0.0,0.21662846529849192,0.031058809279860315,0.13524770767631095,0.3103448275862069,0.0741624794477925,1.9508996817066149,0.7134843333560184,0.026666666666666665,0.013333333333333332,0.013333333333333332
244,0.0,0.11875176338679976,0.01657720063916972,0.06401188177696511,0.254957507082153,0.0,1.3826190634868112,0.4393754449879172,0.04738562091503268,0.03594771241830065,0.012091503267973855
245,1.0,0.1510349271163393,0.03481981200956336,0.07370104100667704,0.0,0.052658795109711706,2.429884992308605,0.7304229725516295,0.04606060606060606,0.030707070707070707,0.01414141414141414
246,0.0,0.15342430992593717,0.05543467584792906,0.11618249774075963,0.17110266159695817,0.06208622337465603,1.7983221996308165,0.611783047274069,0.03597883597883598,0.020634920634920634,0.014285714285714287
247,1.0,0.1264920648341097,0.05838095611079069,0.10975718868821892,0.1331168831168831,0.07618951555752783,2.331740571387003,0.8473165750582557,0.05,0.036274509803921565,0.013725490196078431
248,0.0,0.12786609311823388,0.035656756415667804,0.08185864177871878,0.18036072144288579,0.0482224406424749,1.6307542213173196,0.6083335215796849,0.027777777777777776,0.027777777777777776,0.0
249,2.0,0.19774052672345938,0.04323423517693124,0.14366133772067893,0.281437125748503,0.06626408553074434,2.2043979366090003,0.8193607303504381,0.055,0.03666666666666667,0.017777777777777778
250,1.0,0.14405672238339262,0.064026085662204,0.12560388264571554,0.3472222222222222,0.05920676248878985,1.8050599819785096,0.6525830730106184,0.049305555555555554,0.034722222222222224,0.013541666666666667
251,0.0,0.1329375442500885,0.04653168926371783,0.05025167095618057,0.0,0.11546740032985982,2.158863674949014,0.6347204645315766,0.0371859296482412,0.02914572864321608,0.008040201005025126
252,2.0,0.10087287148265586,0.0,0.030920318466555793,0.0,0.04879885278792395,1.2031506031498624,0.31755437906868955,0.053086419753086415,0.03374485596707819,0.01934156378600823
253,0.0,0.15097021828623086,0.08148080980106888,0.1318481875242775,0.16304347826086957,0.08766149403518166,1.846249227073509,0.6227864558875972,0.04603580562659847,0.034526854219948847,0.008951406649616368
254,0.0,0.17343637612704663,0.047423926386339285,0.08601025062169207,0.1587962962962963,0.07283593761292692,1.955532435742417,0.6722046854214635,0.05277874868926949,0.036700454386578124,0.015379238028661306
255,2.0,0.22364661933110094,0.09978537950479834,0.20223187326771352,0.20642201834862386,0.09377962817364863,1.9015767511284472,0.75778569980375,0.05802469135802469,0.034567901234567905,0.02469135802469136
256,0.0,0.18490282493195567,0.08610653401942095,0.16128436146013728,0.2,0.09817122899641678,2.2895305659564786,0.7497170738979536,0.03827160493827161,0.029629629629629627,0.008641975308641976
257,3.0,0.15966617793134166,0.051497082183138504,0.06685756083290276,0.14705882352941177,0.06372075361611466,1.738874128345719,0.6174056171577788,0.048559670781893,0.03292181069958847,0.014814814814814814
258,0.0,0.17079649134775332,0.09146351054194168,0.13040661110899743,0.24793388429752067,0.11785363170581997,2.1950401045366252,0.9228631109554696,0.055882352941176466,0.036274509803921565,0.016339869281045753
259,1.0,0.09182793237695441,0.055657820942852446,0.12826413985073087,0.013333333333333334,0.06362045764762599,1.5314273141406598,0.5954732439934006,0.06666666666666667,0.04285714285714286,0.023809523809523808
260,2.0,0.09131637216436284,0.022047732522984222,0.03712973392318979,0.0,0.03712973392318979,1.43118112563884,0.3919810753422114,0.044444444444444446,0.022222222222222223,0.024074074074074074
261,1.0,0.15947992424712581,0.06856961381575344,0.09607392717798392,0.19823788546255505,0.10159021002240003,1.6339762374312132,0.5607988176192709,0.027777777777777776,0.016666666666666666,0.011111111111111112
262,2.0,0.19971298463837867,0.06427435535787013,0.07131940871473674,0.12407407407407407,0.08843712749807393,1.5991797795533491,0.6643535298292637,0.06441717791411043,0.03374233128834356,0.024539877300613498
263,2.0,0.06951964499399764,0.07682543078578581,0.11954569308597082,0.15532544378698224,0.13124027734077165,1.9436225138144796,0.7343783935533507,0.05,0.036274509803921565,0.013725490196078431
264,3.0,0.263496313277544,0.07787730306188058,0.20756130663152195,0.2830188679245283,0.05482194995016187,2.1981460432019535,1.017101640494144,0.04119985543910372,0.02855077701481749,0.012649078424286229
265,0.0,0.05712885679427818,0.05880814792257037,0.14942804509868787,0.23777777777777778,0.11284606153500128,2.4144697281118055,0.8807595677718931,0.04490740740740741,0.03287037037037037,0.011574074074074075
266,0.0,0.08191633052115257,0.012944113444305827,0.05982793795073863,0.13282828282828282,0.06172698403727662,1.551029636484262,0.4762698574439641,0.06442227763923525,0.04405652535328346,0.020365752285951787
267,1.0,0.0447812064650875,0.026924074111006963,0.062088411876033915,0.0,0.09720913982910107,1.3916494575286777,0.5315960186763321,0.04909028492962582,0.029866117404737387,0.017851012701682115
268,2.0,0.14400260598866318,0.08671432464394899,0.15234571570658936,0.1870824053452116,0.0798835717109411,2.1529465890576738,0.7194396630083222,0.05684931506849315,0.04246575342465753,0.01404109589041096
269,1.0,0.10157680802452224,0.028841115451383518,0.11148992513532044,0.26522593320235754,0.05673536806562158,2.3374175617254616,0.8363351263475323,0.04607843137254902,0.031045751633986925,0.013398692810457516
270,1.0,0.1903441791540218,0.0680802703813357,0.1879574092912272,0.20049916805324458,0.08664597636165176,1.6340718075248364,0.7256680442168475,0.05,0.036274509803921565,0.013725490196078431
271,2.0,0.18110006026312653,0.0475889878197335,0.08806450133375456,0.16550925925925927,0.05627214022342788,1.8569238891115054,0.6191191242450247,0.052255225522552254,0.0363036303630363,0.013751375137513752
272,1.0,0.10333568563369681,0.018361198151639387,0.04337556783193401,0.0,0.10153364528327057,1.4292055150265506,0.5100580663393023,0.04378818737270876,0.02987101154107264,0.013238289205702646
273,5.0,0.20108511203874138,0.06499433799850386,0.12147630968605164,0.3333333333333333,0.10720355993421878,2.0093220023585605,0.8915455345401021,0.07011070110701108,0.047970479704797044,0.025830258302583026
274,0.0,0.09140434276085194,0.034768539649392444,0.11137953766565915,0.3448275862068966,0.07492772456405546,2.048801899151086,0.806826441542765,0.053086419753086415,0.03374485596707819,0.01934156378600823
275,0.0,0.13762091753323039,0.04127364267624539,0.11094786275985162,0.22916666666666666,0.07123617286702244,2.1368555499540767,0.7931801196093899,0.050168350168350175,0.03232323232323232,0.016498316498316498
276,1.0,0.2807717826101003,0.054807574963902726,0.10774294577493698,0.36666666666666664,0.11141498708716106,2.016274295664019,0.7000096513143289,0.05512820512820513,0.037606837606837605,0.01752136752136752
277,1.0,0.14663266920108806,0.05916452177166272,0.16451357164929759,0.07712082262210797,0.10753809897072629,1.949926586191862,0.806920602073297,0.046090534979423864,0.03374485596707819,0.011522633744855966
278,0.0,0.09738327454615585,0.05480269382643127,0.16205668413156546,0.0,0.03916595541071798,2.04341489701367,0.7716863918919251,0.05387205387205388,0.038047138047138045,0.014814814814814814
279,0.0,0.23449108570354316,0.10044937378075076,0.11921561572478948,0.19313304721030042,0.11287664338143355,1.8124319205560284,0.680919421912007,0.05,0.036274509803921565,0.013725490196078431
280,0.0,0.24117985620647608,0.07371713103132255,0.12052399612482792,0.14222222222222222,0.12470447428691846,1.8964488877487105,0.6054660205526003,0.04157706093189964,0.029749103942652327,0.011827956989247311
281,2.0,0.17741550521591082,0.06769683742534306,0.17973357911967316,0.21333333333333335,0.16915099081195628,2.475302327462444,0.9349102422187454,0.04594500522102332,0.03167420814479638,0.012182387747998607
282,0.0,0.13377737915051846,0.0817419688047536,0.13551178047164433,0.14673913043478262,0.09043197850318259,2.0722417308779915,0.7374024742182623,0.05824175824175824,0.03956043956043956,0.015384615384615384
283,0.0,0.17479671063348712,0.07503415884269933,0.16220585821529468,0.3938730853391685,0.06906956295088809,1.895019578124785,0.6566517135690141,0.04157706093189964,0.029749103942652327,0.011827956989247311
284,0.0,0.06751895757198634,0.08930598000416312,0.13678809590308735,0.40540540540540543,0.0890742266488416,2.503000673335921,0.7433583272370405,0.03597883597883598,0.020634920634920634,0.014285714285714287
285,0.0,0.18265163968311857,0.04371482929764957,0.14265266638550428,0.0,0.09677595836396546,1.807278540971541,0.6708430137766005,0.049305555555555554,0.034722222222222224,0.013541666666666667
286,1.0,0.21096863906178268,0.013886216921038008,0.06893184554834181,0.14583333333333334,0.08087256714864534,1.9287717069146708,0.6345568519594617,0.046875,0.03194444444444444,0.015277777777777777
287,1.0,0.1887150563775391,0.0857067089237953,0.12245896663454743,0.042222222222222223,0.14162891594493468,1.9186954394092022,0.7567972318429307,0.04895833333333333,0.03263888888888889,0.013888888888888888
288,1.0,0.12811475688401677,0.030306091524396405,0.08248687267061097,0.1727447216890595,0.04671796950441698,1.8747837163802206,0.5500393500244908,0.03823529411764706,0.02516339869281046,0.013398692810457516
289,2.0,0.19696768320070104,0.011842750058986877,0.12084786529703796,0.24369747899159663,0.1197736069126813,2.6996770060707482,0.8994436332493118,0.04927536231884058,0.035748792270531404,0.012560386473429951
290,2.0,0.31375679061244494,0.05792302666746849,0.15698796383544536,0.44747474747474747,0.07754312105496522,1.7365478960801333,0.6220809462908684,0.05387205387205388,0.038047138047138045,0.014814814814814814
291,1.0,0.17839876594834106,0.0927717687580212,0.14857842221643455,0.17543859649122806,0.07950114867872383,1.7243816617185703,0.6277016438439537,0.0654320987654321,0.04567901234567901,0.017695473251028805
292,1.0,0.23463990075189728,0.08709217630719639,0.19063409205512935,0.2963636363636364,0.056701035435154694,2.4527258087165538,0.8351834172471805,0.05684931506849315,0.04246575342465753,0.01404109589041096
293,2.0,0.11289760563114547,0.07935060734535046,0.10514124030123134,0.3,0.08524272815267096,2.4666712769369816,0.7556777147943986,0.04375,0.03194444444444444,0.010763888888888889
294,0.0,0.11684715197536036,0.045108141719340474,0.10541533471765296,0.17045454545454544,0.05392898067913487,2.074796603206214,0.7330357997614226,0.055882352941176466,0.036274509803921565,0.016339869281045753
295,0.0,0.19299552644274534,0.09982716986726131,0.17553204770195316,0.2,0.09929085039286943,1.900302401022558,0.6685272195647911,0.032679738562091505,0.022222222222222223,0.00980392156862745
296,1.0,0.1029769336381219,0.02866982804152801,0.07017479584346675,0.25,0.0,1.1578371192057468,0.405877846491608,0.05,0.03095238095238095,0.01825396825396825
297,1.0,0.14042631142697162,0.029445138536009167,0.0790850070483161,0.0,0.05987584840735639,1.3293783104447976,0.5024841290611397,0.04119985543910372,0.02855077701481749,0.012649078424286229
298,2.0,0.08201992371665313,0.0,0.09320883879689303,0.17955112219451372,0.06537514655883037,1.6267766020731325,0.4809602424443694,0.04869281045751635,0.032352941176470584,0.016339869281045753
299,2.0,0.16454593279917468,0.0642890650260583,0.10679530822634588,0.10694444444444444,0.09520333150825307,1.9998145364247177,0.6267749395366362,0.050168350168350175,0.03232323232323232,0.016498316498316498
300,5.0,0.13840803692566556,0.03013291865140086,0.09990089896198878,0.21212121212121213,0.0930700847249393,1.61424016523486,0.5723949717341812,0.055882352941176466,0.036274509803921565,0.016339869281045753
301,1.0,0.18191387383689453,0.1029390013256402,0.19234394536265895,0.16666666666666666,0.07822910279624569,1.979184007286586,0.7224824060620837,0.048039215686274506,0.03366013071895425,0.013398692810457516
302,1.0,0.13442296703496145,0.06155444523598758,0.11159731219812362,0.32938856015779094,0.06079802907982783,1.974307366908801,0.6801861918778921,0.055,0.03666666666666667,0.017777777777777778
303,3.0,0.22998455352064873,0.04695844086623808,0.08787447851670951,0.19166666666666668,0.11591966529351456,1.9855104254388833,0.7572574639628946,0.04338624338624338,0.027160493827160497,0.014109347442680775
304,2.0,0.1487805515086456,0.022598808302663476,0.07647679403132158,0.0,0.06651257607613699,1.796588566968634,0.5996446801499299,0.04157706093189964,0.029749103942652327,0.011827956989247311
305,2.0,0.3074558796125676,0.049880896064671616,0.11073108354588218,0.24296962879640044,0.09296345173113787,1.8246957313284555,0.6064275904303621,0.05555555555555555,0.03641975308641975,0.016666666666666666
306,0.0,0.13840932950628232,0.05462205425777851,0.10486142382509767,0.1111111111111111,0.12679297372822826,2.0316041137230547,0.7407219714952157,0.049305555555555554,0.034722222222222224,0.013541666666666667
307,0.0,0.21280263932890464,0.03774583433943673,0.14022213075392276,0.11165048543689321,0.07574037539083375,1.6632979504529117,0.6699421087141113,0.025,0.016666666666666666,0.008333333333333333
308,4.0,0.20549814124954097,0.024648517008273217,0.08180064829569016,0.06528189910979229,0.051966443793866425,1.9582951725339703,0.6342015559842832,0.041750841750841754,0.028619528619528618,0.011784511784511785
309,2.0,0.21130734864844797,0.0693197219823292,0.19056268638576968,0.29814814814814816,0.13820921490175633,2.1911485288876564,0.843195528807162,0.04606060606060606,0.030707070707070707,0.01414141414141414
310,3.0,0.04981043349345987,0.047025065424289046,0.16034136615846029,0.0,0.026594008896293125,1.5548157301553176,0.6182012900902807,0.04738562091503268,0.03594771241830065,0.012091503267973855
311,2.0,0.305734107411612,0.08223253659542054,0.13969798544849685,0.3986636971046771,0.18658244274311486,2.245838949452637,0.9446976345658396,0.04406130268199234,0.03103448275862069,0.01264367816091954
312,0.0,0.12949556918640787,0.07373231259053108,0.10533987801442385,0.0,0.07373063703260573,1.9645295676797585,0.6134960976514408,0.032679738562091505,0.022222222222222223,0.00980392156862745
313,1.0,0.09023426066450312,0.01478432724269003,0.14557365136916975,0.06684491978609626,0.029663991939636203,1.277774602041854,0.42822263910256786,0.05238095238095238,0.036904761904761905,0.015476190476190475
314,1.0,0.1366302724507839,0.08543408681549443,0.17745082774473162,0.11056105610561057,0.12982553660974616,2.1347319283433,0.8563299680825374,0.05798611111111111,0.03784722222222222,0.01875
315,1.0,0.041227248666476646,0.0,0.041227248666476646,0.0,0.042345939622065676,1.8787187000588186,0.7945046342189466,0.05,0.03095238095238095,0.01825396825396825
316,1.0,0.15864342133139986,0.03707968779241856,0.1452848846346437,0.24725274725274726,0.11373087067863522,1.6063157623095186,0.6635791523870912,0.04781144781144781,0.034006734006734006,0.013804713804713804
317,2.0,0.22110938581861064,0.0986262342200543,0.1822093407413486,0.21897810218978103,0.09751961122359425,2.33026002179797,0.8390877869241046,0.05555555555555555,0.03641975308641975,0.016666666666666666
318,4.0,0.1308603332589621,0.04148089245750888,0.13103184566232765,0.19777777777777777,0.01102293712409119,1.6933106690815727,0.531030185561853,0.05798611111111111,0.03784722222222222,0.01875
319,1.0,0.10530126106893242,0.057910022584271435,0.13648439174522378,0.27194860813704497,0.05490151145536867,2.155869941273553,0.6403210399485662,0.035555555555555556,0.022222222222222223,0.013333333333333332
320,1.0,0.1204208679143551,0.05975423027108115,0.13260509865590575,0.17077798861480076,0.07004611793561524,1.7520617865217087,0.6119119479852884,0.04157706093189964,0.029749103942652327,0.011827956989247311
321,1.0,0.11778252285251864,0.0,0.11778252285251864,0.0,0.01256889617160733,2.146070879514583,0.780878886581762,0.04453935326418548,0.03355704697986577,0.010372178157413056
322,1.0,0.16230202598906007,0.020186077421498586,0.08086051063129025,0.4153846153846154,0.1286841256788281,1.8799813932341534,0.6751162083032665,0.05,0.03095238095238095,0.01825396825396825
323,1.0,0.16375831198566257,0.05869622378888603,0.10931110565897628,0.16521739130434782,0.0903010033444816,1.9620859234436143,0.6561460353949992,0.054214760405736265,0.037425673312346974,0.01713885974116824
324,1.0,0.12413640810151887,0.019620412162957238,0.09820282670330337,0.24852652259332023,0.06417792591933023,1.542787411929776,0.5279335733100131,0.049305555555555554,0.034722222222222224,0.013541666666666667
325,0.0,0.0873920476101343,0.05116640925002178,0.05746530498966237,0.1,0.09815016604484927,1.9955117386856012,0.7359068975131791,0.04738562091503268,0.03594771241830065,0.012091503267973855
326,0.0,0.19011203116210193,0.043029977356074965,0.13193692450127759,0.03542673107890499,0.082158260454429,1.6933444875779806,0.6181553898497202,0.03312368972746331,0.020545073375262055,0.011740041928721174
327,0.0,0.09905573082605022,0.0749284026512152,0.14157283614109817,0.3020833333333333,0.08664881148157816,2.2795351887704434,0.8035266731988577,0.041750841750841754,0.028619528619528618,0.011784511784511785
328,3.0,0.09727673587701842,0.027031498715106808,0.0937983331445993,0.29922779922779924,0.0721618887940813,2.0025772623620623,0.7744702930681725,0.05798611111111111,0.03784722222222222,0.01875
329,1.0,0.13462641951720217,0.03635339729946346,0.12014793831226764,0.16853932584269662,0.03946557715474314,1.5507613727146035,0.5175427026874362,0.04909028492962582,0.029866117404737387,0.017851012701682115
330,0.0,0.06383897434802001,0.018118008629540407,0.036236017259080815,0.0,0.036236017259080815,1.6702489666484945,0.41224934810589625,0.06442227763923525,0.04405652535328346,0.020365752285951787
331,4.0,0.25832596738445424,0.1273033875804327,0.13625398212125284,0.30353817504655495,0.20835406147130506,2.008307728247368,0.9047067416341003,0.0524179912073047,0.03145079472438282,0.01927629354075076
332,0.0,0.0856157956327128,0.07419080524982972,0.1498304814761943,0.42769857433808556,0.07654627165488591,1.8397496567583198,0.7391782163220065,0.04563492063492063,0.03015873015873016,0.014682539682539682
333,1.0,0.0563410318916894,0.030428285783478205,0.0794143174816685,0.1910828025477707,0.05844880987739332,1.1667919144319348,0.3863419308316396,0.04781144781144781,0.034006734006734006,0.013804713804713804
334,0.0,0.08868197251931019,0.01686647796414688,0.03871646210443674,0.0,0.025386167950571713,1.2803868528445084,0.32415268738888814,0.04606060606060606,0.030707070707070707,0.01414141414141414
335,1.0,0.21132073309641697,0.0435674493108556,0.14275497032888768,0.13303769401330376,0.09772680418411865,1.729865351306972,0.6304707251774664,0.0468013468013468,0.0303030303030303,0.015488215488215488
336,1.0,0.14556610749045612,0.10738359672723435,0.20721795062826445,0.4235294117647059,0.10606545970199427,2.093908991208712,0.78916614771529,0.05,0.03333333333333333,0.015277777777777777
337,0.0,0.14015243754611348,0.06312379692979937,0.12095767746298214,0.21555555555555556,0.0872048974466311,2.4446355918052562,0.8503644547277147,0.04173441734417344,0.03197831978319783,0.008130081300813007
338,2.0,0.09911495145012714,0.0,0.06276342546110604,0.14253897550111358,0.008614023975162359,0.8468470801123419,0.3230650516564847,0.05351027397260274,0.03125,0.020976027397260275
339,1.0,0.1256386958619852,0.056494936339439715,0.16363653037480286,0.18672199170124482,0.05391569591581739,2.4158191560271893,0.7695232357212655,0.04375,0.03194444444444444,0.010763888888888889
340,2.0,0.14252612626153854,0.0488793038020433,0.15501656528648589,0.3678240740740741,0.037460718255663016,1.8290219594785264,0.6635350962060698,0.053488372093023255,0.031162790697674417,0.02046511627906977
341,0.0,0.12395469111381073,0.040935464371482856,0.11411770643801758,0.3257142857142857,0.08458390835551113,1.7264008699048328,0.6795396335803291,0.041750841750841754,0.028619528619528618,0.011784511784511785
342,1.0,0.20983763956265522,0.05954986173946186,0.17073005998265836,0.37656903765690375,0.12276265968854555,2.1539233451502455,0.8093881308876211,0.0524179912073047,0.03145079472438282,0.01927629354075076
343,1.0,0.1458758814292649,0.06124117712635059,0.0948144415813887,0.19955654101995565,0.07208784947704514,1.7107642724694043,0.5179644915072681,0.046875,0.03194444444444444,0.015277777777777777
344,1.0,0.23772380914070806,0.06750571475810237,0.14658783368425532,0.18789144050104384,0.08819621208481701,1.920184264404614,0.6430859407969542,0.05798611111111111,0.03784722222222222,0.01875
345,1.0,0.06837863263624998,0.042904542854569086,0.09265405627107726,0.14149443561208266,0.05330513040369195,1.1411925796765425,0.41678013075681525,0.05288888888888889,0.035555555555555556,0.017333333333333333
346,0.0,0.12776383801469396,0.06906112520464654,0.1338166868047968,0.07126948775055679,0.07936262091285634,1.8017648346985848,0.626208692855823,0.04781144781144781,0.034006734006734006,0.013804713804713804
347,2.0,0.18632459635223675,0.11447522991215005,0.1849341582383133,0.1727447216890595,0.14214234475435528,1.8935768910787383,0.7432956158808762,0.0468013468013468,0.0303030303030303,0.015488215488215488
348,1.0,0.08679118745767866,0.027540416114589603,0.07037607011855183,0.12307692307692308,0.08427556739691129,1.3612138060742174,0.514083039579164,0.03611111111111111,0.019444444444444445,0.011111111111111112
349,0.0,0.10505174454047886,0.0985228868456414,0.18222133744884547,0.3844444444444444,0.08932490268337454,1.8299911885207423,0.6760692834816201,0.04781144781144781,0.034006734006734006,0.013804713804713804
350,2.0,0.15434616271288032,0.07066344410659248,0.11538567451986595,0.0,0.05051635494762888,2.0217068664686018,0.5998785644887585,0.04781144781144781,0.034006734006734006,0.013804713804713804
351,0.0,0.12038966060681669,0.020630425037695094,0.07948374257508577,0.42452830188679247,0.12289517385372162,1.912622265389429,0.7356435023719523,0.03312368972746331,0.020545073375262055,0.011740041928721174
352,0.0,0.14949242259141915,0.023869189119158765,0.09213339789398084,0.0,0.06110935597687258,1.8606877563468163,0.6940791933703728,0.050168350168350175,0.03232323232323232,0.016498316498316498
353,0.0,0.09767677936120654,0.03264226127966575,0.06407049003185693,0.07136752136752136,0.09154059952555496,1.8312439513396848,0.6784619727475286,0.0524179912073047,0.03145079472438282,0.01927629354075076
354,1.0,0.13127662362827125,0.06008527334901822,0.11317306653936043,0.23703703703703705,0.046027544996420755,1.7480026832515965,0.5409333253358599,0.04607843137254902,0.031045751633986925,0.013398692810457516
355,0.0,0.18518254534905512,0.05755655878627354,0.10619522845835434,0.3333333333333333,0.09843891140023833,1.7204166493025626,0.6512367823773565,0.04406130268199234,0.03103448275862069,0.01264367816091954
356,1.0,0.1687105497521101,0.033102105091016146,0.11586087339101961,0.0,0.05923152388796065,1.9058055215140584,0.7238023413152539,0.044444444444444446,0.027777777777777776,0.014814814814814814
357,1.0,0.24469804561083175,0.08251473023703977,0.13257934105161842,0.16333938294010888,0.09896526505421878,1.9577931456827689,0.7629391758061997,0.04781144781144781,0.034006734006734006,0.013804713804713804
358,1.0,0.0963374620339884,0.012515183404503936,0.07124631117215119,0.17681728880157171,0.005263481351812679,1.4724851897811222,0.4467856497079447,0.04781144781144781,0.034006734006734006,0.013804713804713804
359,2.0,0.17929966285996674,0.02992651168116302,0.07822841188142818,0.2696969696969697,0.016080118485083575,1.460230328805877,0.45247136977291885,0.04673202614379085,0.032352941176470584,0.013398692810457516
360,2.0,0.23369245759339421,0.11089988305550132,0.1811109951310279,0.40976645435244163,0.18841047632037047,2.612846863090155,0.8738621692281651,0.05387205387205388,0.038047138047138045,0.014814814814814814
361,0.0,0.11723177942381946,0.06660550887034562,0.0849620740259775,0.0,0.08494729684869921,2.5863860755657706,0.7306912821918139,0.04606060606060606,0.030707070707070707,0.01414141414141414
362,2.0,0.06144976664931452,0.0,0.0482532857108981,0.0,0.08128939982850315,1.35166931749663,0.45221419921815265,0.029629629629629627,0.022222222222222223,0.007407407407407407
363,1.0,0.1940012883861742,0.08333227300325959,0.15027961209839055,0.2396825396825397,0.12123044722943623,1.8041506314685507,0.6740440379382896,0.04666666666666667,0.034444444444444444,0.015555555555555555
364,2.0,0.2513301525625614,0.03574029918672992,0.13921497410068076,0.13274336283185842,0.06582910327579929,1.901834672174321,0.7130981726009195,0.04781144781144781,0.034006734006734006,0.013804713804713804
365,2.0,0.18887506142151228,0.09118083937168714,0.1313086786465819,0.2,0.1091120716062655,1.8234291184200069,0.6545834693824927,0.03333333333333333,0.025,0.008333333333333333
366,3.0,0.14722920202259326,0.04502637914947719,0.11717940852110906,0.15254237288135594,0.04662196699105917,1.6766995524047679,0.6163111538957259,0.06442227763923525,0.04405652535328346,0.020365752285951787
367,2.0,0.1407002837056925,0.06127958995678753,0.1359967045942447,0.12465373961218837,0.16213851917939676,2.6047640918969464,1.000783256139169,0.04927536231884058,0.035748792270531404,0.012560386473429951
368,2.0,0.16476560762190295,0.04181667286496013,0.12906183151230857,0.13452914798206278,0.07102789358708082,1.8720752037749662,0.6180787310614294,0.053968253968253964,0.03809523809523809,0.019047619047619046
369,2.0,0.1696438544053993,0.05952203009927303,0.09118787314245055,0.19148936170212766,0.06883772877667384,1.8473245154480975,0.5884126497636981,0.04205607476635514,0.03193146417445483,0.008566978193146418
370,3.0,0.09324748386257582,0.006474941136898755,0.07567806692325524,0.08333333333333333,0.06656840243116029,1.2488553150502921,0.458638478339275,0.05277874868926949,0.036700454386578124,0.015379238028661306
371,1.0,0.14916808825122604,0.06859534036773104,0.13814156794967292,0.3333333333333333,0.05706177919883411,1.621503418883156,0.5523012219494571,0.05798611111111111,0.03784722222222222,0.01875
372,1.0,0.08478601561234696,0.06591698899619443,0.12720679558063544,0.15824175824175823,0.07327023301852156,2.245708962197476,0.7526476737135253,0.032679738562091505,0.022222222222222223,0.00980392156862745
373,1.0,0.1740541638659557,0.018295541285780224,0.07051773019525329,0.0,0.005608974358974359,1.4583446364229407,0.44757711600292654,0.04909028492962582,0.029866117404737384,0.017851012701682115
374,2.0,0.15637684317510384,0.08224209975123165,0.08313401394460347,0.1717557251908397,0.06698412540520261,1.8578777401763649,0.6721344870210006,0.046090534979423864,0.03374485596707819,0.011522633744855966
375,1.0,0.13033475863951624,0.09408106337302384,0.18327501599323412,0.14873140857392825,0.0874344513857739,1.8792315675100202,0.6852461026903717,0.0524179912073047,0.03145079472438282,0.01927629354075076
376,3.0,0.18261833012164191,0.03354000369548629,0.0924561063749917,0.3312883435582822,0.08612062677431685,1.675900255365473,0.5495848365346501,0.06442227763923525,0.04405652535328346,0.020365752285951787
377,2.0,0.22418264038430588,0.05691740920943129,0.11026814526215253,0.11290322580645161,0.07232367822951649,1.574861132981526,0.490387809018724,0.05473251028806584,0.03786008230452675,0.016049382716049384
378,2.0,0.09107591137342735,0.0690054127564271,0.1154932492935922,0.1383219954648526,0.09342668858167674,2.005304071528304,0.7506068179296331,0.04378818737270876,0.02987101154107264,0.013238289205702646
379,0.0,0.1453201767346848,0.04613385537866086,0.1083655471874535,0.09977827050997783,0.1210317424121718,2.2182440774777357,0.8324458732059565,0.046875,0.03194444444444444,0.015277777777777777
380,3.0,0.1724998304328699,0.08934998017604028,0.14339848084409504,0.0,0.12637113023954533,2.019302003925245,0.7932576324482189,0.055882352941176466,0.036274509803921565,0.016339869281045753
381,0.0,0.155018741666327,0.005285412262156448,0.06948635727543923,0.1111111111111111,0.050876068284317365,1.2321317083313528,0.3968787243418913,0.032679738562091505,0.022222222222222223,0.00980392156862745
382,1.0,0.1885049937493244,0.04064052427434022,0.07309510458365555,0.0,0.1020749949262718,1.953900727256312,0.649431274220031,0.046090534979423864,0.03374485596707819,0.011522633744855966
383,1.0,0.1033497989072131,0.0676247434544832,0.12991125003356346,0.1301518438177874,0.05006711798416618,2.084752625601587,0.7126000544428872,0.053945249597423514,0.03542673107890499,0.01610305958132045
384,1.0,0.17118555420595807,0.05165432547259308,0.17651366403448837,0.1962962962962963,0.08500888477883102,1.6143327244350647,0.6763527384062074,0.0524179912073047,0.03145079472438282,0.01927629354075076
385,0.0,0.029066145836469378,0.020895150513035407,0.011249350998980829,0.0546218487394958,0.04498568830700926,0.688742780251154,0.19562150024417935,0.051440329218107,0.03374485596707819,0.01851851851851852
386,0.0,0.15223761780888126,0.04815629145159714,0.0932304494743273,0.1717557251908397,0.03845027198814357,1.7437479832992102,0.5421064620175032,0.04673202614379085,0.032352941176470584,0.013398692810457516
387,1.0,0.2007018808060305,0.037926215789504475,0.08656713215945416,0.0,0.10669791905101297,2.001090364910726,0.685467330964609,0.04666666666666667,0.034444444444444444,0.015555555555555555
388,2.0,0.184533883550707,0.04327718172400566,0.10574144427906816,0.12875536480686695,0.07911466688054959,1.7720092913677827,0.6828864275294058,0.032679738562091505,0.022222222222222223,0.00980392156862745
389,1.0,0.17988835691155897,0.05640257271673174,0.14653904316463132,0.08181818181818182,0.09948930004131237,1.702561682805053,0.6747813857591493,0.04119985543910372,0.02855077701481749,0.012649078424286229
390,1.0,0.211323065176875,0.045911562351466574,0.1679759380921682,0.0,0.03422376723664622,2.9418828756483877,1.1033716594520553,0.048039215686274506,0.03366013071895425,0.013398692810457516
391,1.0,0.11380612454966292,0.02203519713966869,0.06502669033202017,0.0,0.09320385076750627,1.7873721602081671,0.6020171083711303,0.07777777777777778,0.06666666666666667,0.011111111111111112
392,1.0,0.04876394546183987,0.03702280492722979,0.027054588866331147,0.0,0.06910969976214242,1.6551444351733084,0.4598812371030488,0.0524179912073047,0.03145079472438282,0.01927629354075076
393,4.0,0.08679944940856918,0.024547608779506413,0.093786784896412,0.35185185185185186,0.07899352965778503,1.8829037500780648,0.7771332452716692,0.04787000439174352,0.032059727711901624,0.014931927975406236
394,2.0,0.1099855780240495,0.04070516700546061,0.0936530480846012,0.13729977116704806,0.04958656092378907,1.8923550814756016,0.6834298630608759,0.05,0.036274509803921565,0.013725490196078431
395,1.0,0.2464013090946406,0.020294931027564342,0.0646320414367616,0.05555555555555555,0.06273436994513576,1.5365297670581626,0.5101593106201238,0.04781144781144781,0.034006734006734006,0.013804713804713804
396,2.0,0.12454431230567546,0.054242755254658555,0.09079640277905322,0.12962962962962962,0.046769793690294326,1.9776316451584164,0.6328565842759041,0.053945249597423514,0.03542673107890499,0.01610305958132045
397,1.0,0.26214227803880824,0.10535367351988931,0.11818482795716456,0.1451990632318501,0.1131109180339779,1.8221059850062673,0.678614983053894,0.051440329218107,0.03374485596707819,0.01851851851851852
398,2.0,0.15254698806097408,0.04122108743278829,0.11409398501056213,0.21222222222222223,0.042256716443684623,1.9651263852780352,0.613586593437246,0.047658862876254184,0.032190635451505016,0.015468227424749164
399,1.0,0.15767106034303388,0.055098409701381676,0.101531742314579,0.12857142857142856,0.07284849988770549,1.7028979438461334,0.5235574870008204,0.046090534979423864,0.03374485596707819,0.011522633744855966
400,0.0,0.15419127162520938,0.10637823335986775,0.2214684042183815,0.11764705882352941,0.08146827244926039,1.8956707259932544,0.7670404241134282,0.05277874868926949,0.036700454386578124,0.015379238028661306
401,1.0,0.03055492584258938,0.015359535393158256,0.052309588535274024,0.0,0.0639815532148964,1.3096427656245295,0.45097912254580697,0.04378818737270876,0.02987101154107264,0.013238289205702646
402,4.0,0.23420166626515487,0.043707435011782834,0.16735656141244792,0.16142191142191142,0.045941534969506495,1.9544136265085927,0.8059197519316591,0.06442227763923525,0.04405652535328346,0.020365752285951787
403,1.0,0.2081963491051709,0.06141358162044465,0.19210190593016702,0.45226130653266333,0.13455546671196128,2.2272511728471796,0.8590292456233569,0.04406130268199234,0.03103448275862069,0.01264367816091954
404,0.0,0.20723655907103003,0.048479298700112014,0.10842260591112847,0.16666666666666666,0.057664631805520054,1.9784228187140793,0.6278569713019835,0.04781144781144781,0.034006734006734006,0.013804713804713804
405,1.0,0.12076626023499341,0.027998323961011602,0.07642349221599957,0.07908611599297012,0.09421429170772593,1.7180189508536952,0.6087089166948185,0.049305555555555554,0.034722222222222224,0.013541666666666667
406,0.0,0.19307549690074566,0.10180147639534015,0.12333147819735735,0.32,0.13072350585282522,2.7162980582189045,0.9088046520938371,0.04378818737270876,0.02987101154107264,0.013238289205702646
407,1.0,0.17659617879636502,0.0304281618293932,0.057831900506358065,0.13125,0.06879637730141511,1.6982970690646677,0.592743501225773,0.04869281045751635,0.032352941176470584,0.016339869281045753
408,0.0,0.1417984026939057,0.033797823948660974,0.11386318002184088,0.28,0.08400876618630207,1.7954379611293876,0.6778182530622596,0.05351027397260274,0.03125,0.020976027397260275
409,4.0,0.10515994205222261,0.02206501621338731,0.08592060957918349,0.06896551724137931,0.07852278054581899,1.2919800961753782,0.5359560211138946,0.05195689543955697,0.033855221302392935,0.018010149826692037
410,0.0,0.16192168399778262,0.03788935118315432,0.09394626880993832,0.0,0.05855303639538096,1.5685136791129026,0.6635421241464382,0.041750841750841754,0.028619528619528618,0.011784511784511785
411,2.0,0.22980182638331867,0.07288663468780682,0.22106423161144387,0.18680089485458612,0.08358254358097676,1.9239757375148887,0.7949560870983476,0.04895833333333333,0.03263888888888889,0.013888888888888888
412,3.0,0.2408809908881605,0.07571112826736204,0.21092651238827306,0.19955654101995565,0.14951537533616846,2.6345550080249502,0.9918592071198997,0.04594500522102332,0.03167420814479638,0.012182387747998607
413,1.0,0.029794519662664894,0.0224629050082572,0.07666884630194944,0.2349869451697128,0.03731418208496161,1.2597929702804072,0.3913687037743913,0.048039215686274506,0.03366013071895425,0.013398692810457516
414,0.0,0.22712648926136955,0.1197860201169563,0.19479707348771338,0.3333333333333333,0.15050081333049753,1.9996330539371703,0.8538377155116846,0.05,0.036274509803921565,0.013725490196078431
415,0.0,0.14694845214579932,0.041306138843021284,0.07616405725637997,0.0,0.07211538461538461,1.6241513182055678,0.5391693693550987,0.048559670781893,0.03292181069958847,0.014814814814814814
416,1.0,0.16945998439483723,0.04302811843107606,0.11605274547437675,0.1111111111111111,0.04740219898665277,1.7654860460524466,0.6266811312760063,0.060275962236746555,0.03776325344952796,0.0196078431372549
417,2.0,0.10143568352313329,0.08636329513405475,0.16609336331511548,0.16172506738544473,0.06477888236140322,2.3755787294530513,0.8867039320424002,0.051440329218107,0.03374485596707819,0.01851851851851852
418,2.0,0.29027836280260383,0.10450532241050384,0.21265223106998177,0.18125960061443933,0.1579192294726226,2.42552569997735,1.0160083917163008,0.054214760405736265,0.037425673312346974,0.01713885974116824
419,1.0,0.20020405780862682,0.0556184452133149,0.09273165310925278,0.1284230406043437,0.04837369861372279,1.7329725804172051,0.6791231301063255,0.04781144781144781,0.034006734006734006,0.013804713804713804
420,0.0,0.11861391524510946,0.03539757298763315,0.09666757060127329,0.34444444444444444,0.06875905297026236,1.9917636252120319,0.7937255035571726,0.054814814814814816,0.0362962962962963,0.015555555555555555
421,2.0,0.14575585964117244,0.049884079294225274,0.10958089934843712,0.4,0.0646995066883898,1.81786846890732,0.5745440795878148,0.05,0.03095238095238095,0.01825396825396825
422,2.0,0.16204628929759396,0.05348136943996126,0.07040049660343747,0.1458670988654781,0.06465147244892518,1.7466419156516306,0.6235893345546288,0.05555555555555555,0.03641975308641975,0.016666666666666666
423,0.0,0.24431279380104207,0.03188587766191657,0.1255246911242618,0.0,0.07883778276423153,2.282786702641384,0.8002780214025225,0.05512820512820513,0.037606837606837605,0.01752136752136752
424,0.0,0.12304048833435986,0.09346214455141001,0.12853402233374608,0.3622222222222222,0.08419663723386352,1.9951052401730138,0.6404948717749803,0.04563492063492063,0.03015873015873016,0.014682539682539682
425,0.0,0.07101938961990621,0.03216407462065312,0.12900980196037717,0.0,0.03568145676635601,1.7474467918185088,0.5251510895026023,0.055,0.03666666666666667,0.017777777777777778
426,2.0,0.13991422580180507,0.05598730176043536,0.1365883777260947,0.5279503105590062,0.08532579532597437,1.939686745947631,0.6316148104482285,0.04738562091503268,0.03594771241830065,0.012091503267973855
427,0.0,0.15933517668833236,0.029479990676492016,0.07998498076630035,0.0,0.085053595149851,1.7762453579828723,0.6376820801694206,0.04563492063492063,0.03015873015873016,0.014682539682539682
428,2.0,0.13446220778828308,0.054958827499030874,0.10518873960605764,0.14583333333333334,0.09400588510406757,2.327719733747164,0.8488457497241843,0.04869281045751635,0.032352941176470584,0.016339869281045753
429,2.0,0.17555723208160634,0.03216515943679441,0.08868859281628157,0.0,0.08451528125649753,1.6863193708068804,0.6282881215146138,0.0654320987654321,0.04567901234567901,0.017695473251028805
430,3.0,0.11308546828610232,0.02865682509691832,0.07223676571703458,0.0,0.13722197880947273,1.6793983588535788,0.6792699435268201,0.04378818737270876,0.02987101154107264,0.013238289205702646
431,2.0,0.14101373564631237,0.056229611591062795,0.09696008213774689,0.13257575757575757,0.0847953733298978,2.0736743953226955,0.7421099924897185,0.051440329218107,0.03374485596707819,0.01851851851851852
432,2.0,0.19616954526588565,0.07521522127105887,0.15776439804482653,0.12960893854748604,0.06648796176588884,2.1667071813797536,0.7439594181001378,0.05802469135802469,0.034567901234567905,0.02469135802469136
433,1.0,0.15269840694523848,0.005228986012462417,0.03274612477357968,0.0,0.027517138761117263,1.3567647122831554,0.40522863231703293,0.048559670781893,0.03292181069958847,0.014814814814814814
434,3.0,0.21432121674124088,0.039014544353661675,0.09824632277048104,0.3333333333333333,0.07661542634184548,2.0646666067547588,0.6696839922568673,0.05,0.036274509803921565,0.013725490196078431
435,2.0,0.1070993776792052,0.011547344110854504,0.11228484736750563,0.24249422632794457,0.07428433525369336,1.5729103889977925,0.5532566626905652,0.052255225522552254,0.0363036303630363,0.013751375137513752
436,0.0,0.21281455419736284,0.06246348221678062,0.11938554170542633,0.08333333333333333,0.03866068898286504,1.9238378314502358,0.7815490661740203,0.029629629629629627,0.022222222222222223,0.007407407407407407
437,2.0,0.10495296120372177,0.07424561901271431,0.13402468636799608,0.28555555555555556,0.0751558286132323,2.2678055490067868,0.6617055240483702,0.03597883597883598,0.020634920634920634,0.014285714285714287
438,1.0,0.21678425585132885,0.028027268225499995,0.1536489752867576,0.391008174386921,0.09803672963200086,2.1549146466585767,0.7623907767273741,0.03312368972746331,0.020545073375262055,0.011740041928721174
439,1.0,0.08357077550143122,0.04996350298765123,0.14664112824744366,0.0,0.0315922823529122,1.9735590623847346,0.5698303166947356,0.044444444444444446,0.022222222222222223,0.024074074074074074
440,2.0,0.11824267202986928,0.01912618001850305,0.046137303233563264,0.0,0.03594224941601413,1.0561932764960122,0.2609482464434807,0.04666666666666667,0.034444444444444444,0.015555555555555555
441,4.0,0.1438734054625745,0.07375525232402362,0.11068785060757272,0.12962962962962962,0.1337619622645066,1.936028095717956,0.7240943229478586,0.051440329218107,0.03374485596707819,0.01851851851851852
442,1.0,0.23991624332170075,0.03305194139458035,0.09021910736460907,0.18108651911468812,0.06717710459438475,1.564077068636058,0.4848482148926772,0.050168350168350175,0.03232323232323232,0.016498316498316498
443,1.0,0.13393961195251358,0.027059059952486506,0.06573078090169437,0.148,0.05411160484128348,1.6829760166739063,0.5901644580640826,0.05351027397260274,0.03125,0.020976027397260275
444,0.0,0.041256448223868425,0.02503784908345748,0.14004374751896725,0.0,0.022662849205456744,1.5579038948594293,0.6216248417542071,0.04511784511784512,0.03198653198653199,0.01212121212121212
445,1.0,0.1404908277049767,0.025363721156534437,0.08071337763470642,0.0,0.13711480905524417,1.674762903950027,0.6442882839284401,0.042328042328042326,0.027513227513227514,0.014814814814814814
446,0.0,0.14007419143953836,0.025262331083517355,0.07889956362665292,0.0,0.07830064634865387,1.787879438267072,0.6001872364003042,0.047658862876254184,0.032190635451505016,0.015468227424749164
447,2.0,0.1384581151391868,0.026255032617565604,0.050561546127306074,0.0,0.046925790929325695,1.9446306106495175,0.565528040180623,0.05050505050505051,0.03535353535353535,0.01515151515151515
448,1.0,0.08304051277432888,0.0,0.035570570799964986,0.0,0.009081735620585266,1.690388941132764,0.6053902320145959,0.044444444444444446,0.022222222222222223,0.024074074074074074
449,1.0,0.03743916089330236,0.021425824527990918,0.1333603262220791,0.22413793103448276,0.03213873679198638,1.3443645807155697,0.36985904960855437,0.0371859296482412,0.02914572864321608,0.008040201005025126
450,2.0,0.13295586400271692,0.028120938086720806,0.11533698361982514,0.08348794063079777,0.11744697997705637,1.9104165681584115,0.7055084792397472,0.041750841750841754,0.028619528619528618,0.011784511784511785
451,1.0,0.1710174840640821,0.03128623478947017,0.10322632003928772,0.0,0.08449486529367713,1.8521325072529682,0.6850450683575255,0.06442227763923525,0.04405652535328346,0.020365752285951787
452,2.0,0.1374939949769098,0.034292275178150484,0.09985959038608666,0.10180995475113122,0.08427564559345277,2.0020435961852603,0.6897093795069462,0.050793650793650794,0.026984126984126982,0.023809523809523808
453,0.0,0.27616715807927394,0.030967765629223827,0.11864772766377575,0.35777777777777775,0.05670736930587569,1.5980185466145602,0.6041529813228947,0.05384615384615384,0.036752136752136746,0.015384615384615384
454,1.0,0.03803174006949009,0.03803174006949009,0.11409522020847028,0.782608695652174,0.1181755575163544,1.7590836465231305,0.6873429542601727,0.04888888888888889,0.03333333333333333,0.016666666666666666
455,0.0,0.06509814558503642,0.011378002528445006,0.09267768055990336,0.07142857142857142,0.014507629533819707,1.6858960703564934,0.5008712760415861,0.05291005291005291,0.03756613756613757,0.014814814814814814
456,0.0,0.18931668926829415,0.09567728865542427,0.16018906204714478,0.3726541554959786,0.11103202406711882,1.730001585090525,0.681310617106074,0.04490740740740741,0.03287037037037037,0.011574074074074075
457,1.0,0.14556569525417504,0.08250490523397934,0.1348171073916627,0.14578833693304535,0.08711022528500653,2.0080039754033083,0.6744861837602969,0.0457516339869281,0.03137254901960784,0.013071895424836602
458,2.0,0.1846235601798254,0.03274510589867641,0.10072865296378312,0.0,0.08583257762123103,1.5590466388226834,0.5582346779283349,0.04563492063492063,0.03015873015873016,0.014682539682539682
459,3.0,0.19011802050621235,0.09881212699061565,0.20806631955584182,0.15017064846416384,0.06813133172962778,2.015665289396289,1.014267115516948,0.051440329218107,0.03374485596707819,0.01851851851851852
460,1.0,0.07979612954174621,0.014250778514752194,0.0764547630443304,0.06958250497017893,0.01566736779189146,1.5888705190574628,0.4785208130020391,0.0468013468013468,0.0303030303030303,0.015488215488215488
461,1.0,0.194506484604854,0.07287097497160448,0.16594330600083834,0.2054794520547945,0.08032947927311274,1.7367336746007074,0.6611952108993725,0.05050505050505051,0.03535353535353535,0.01515151515151515
462,1.0,0.17685648239513924,0.05490658817496142,0.06290740900028838,0.0,0.07197540523264281,1.6924301656945278,0.5931731666763744,0.04080808080808081,0.026464646464646465,0.013737373737373737
463,2.0,0.1835062191735364,0.06860446756768307,0.1257075444852998,0.11590038314176246,0.05100032564448424,1.918751580372215,0.7133864849096713,0.05684931506849315,0.04246575342465753,0.01404109589041096
464,2.0,0.17234214086493552,0.07784046609031237,0.17284658852876564,0.20134228187919462,0.09069509716246085,2.2548668484860483,0.8206402419049909,0.054814814814814816,0.0362962962962963,0.015555555555555555
465,0.0,0.10825424685114468,0.02715286706776198,0.08017734171805405,0.0,0.16744324246990352,2.269039932317203,0.8138493003291587,0.05684931506849315,0.04246575342465753,0.01404109589041096
466,1.0,0.1770107789421543,0.02539431731610282,0.061297052312618394,0.0,0.06248170453944062,2.447006521144817,0.7870160077051156,0.0654320987654321,0.04567901234567901,0.017695473251028805
467,2.0,0.1523056212352169,0.05576536261875321,0.17014662595323024,0.2711340206185567,0.10748945645118953,1.5453274505996248,0.7417354633796479,0.04895833333333333,0.03263888888888889,0.013888888888888888
468,0.0,0.18373674701017412,0.052725974076207105,0.17188576778451306,0.1276595744680851,0.09163002542789156,2.3015050803843455,0.8344839016274213,0.05288888888888889,0.035555555555555556,0.017333333333333333
469,0.0,0.1506569633739942,0.037905833245493036,0.08344309640204148,0.2719033232628399,0.04162338163408105,1.6567246537063773,0.6251345602379661,0.04673202614379085,0.032352941176470584,0.013398692810457516
470,2.0,0.11611849082785916,0.026457398006429426,0.1473942132207356,0.19523809523809524,0.0644640689540748,1.850091171781676,0.60252004909428,0.04490740740740741,0.03287037037037037,0.011574074074074075
471,1.0,0.17323959619523668,0.054746289915182635,0.0996414436657394,0.1761252446183953,0.07023838759906115,2.0159286766167086,0.6530705794130466,0.05136986301369863,0.03424657534246575,0.017123287671232876
472,2.0,0.08926392859734592,0.03699379454000142,0.14107879252203318,0.24888888888888888,0.0481450205386093,2.0783811410920157,0.9428934216897448,0.054214760405736265,0.037425673312346974,0.01713885974116824
473,2.0,0.14161063029312007,0.02850581096482619,0.0959588568622074,0.14539579967689822,0.08422430432738952,1.6509129242545848,0.5456606171454225,0.041750841750841754,0.028619528619528618,0.011784511784511785
474,0.0,0.04416296184569774,0.03995237814677039,0.04845482933132336,0.18768768768768768,0.1092337602321743,1.4485465818896717,0.5165466914143833,0.04406130268199234,0.03103448275862069,0.01264367816091954
475,0.0,0.04729286025327304,0.021826217697096903,0.08179084312316134,0.16666666666666666,0.0,1.2961366447141904,0.32364460690157765,0.032679738562091505,0.022222222222222223,0.00980392156862745
476,2.0,0.14263709712063358,0.0,0.06551480592209605,0.0,0.08426560765148627,2.265921062852695,0.834726898045496,0.049305555555555554,0.034722222222222224,0.013541666666666667
477,1.0,0.25018248833014645,0.06583298503765536,0.10233381642659382,0.2922077922077922,0.07579997357111255,1.6066549884680177,0.5622855307714417,0.04673202614379085,0.032352941176470584,0.013398692810457516
478,4.0,0.21173432198478692,0.06085001519692366,0.15803038091954233,0.3977777777777778,0.11761914210267539,2.1982751959743894,0.7790943131337736,0.04869281045751635,0.032352941176470584,0.016339869281045753
479,1.0,0.2664093728375019,0.11582362598112808,0.13634229226781946,0.5454545454545454,0.15469242249237036,3.4024316035751827,1.14361886064895,0.0541447053186392,0.04216578821274557,0.011499760421657882
480,2.0,0.22702755688220644,0.05113312999805969,0.09968310637540553,0.0,0.13531942481233505,1.9380502857044717,0.7510776124091806,0.04603580562659847,0.034526854219948847,0.008951406649616368
481,1.0,0.16680894249718523,0.016418115689125014,0.10541804240967657,0.13729977116704806,0.053721854251747345,1.7890599499236335,0.5887665599872425,0.048039215686274506,0.03366013071895425,0.013398692810457516
482,3.0,0.16404944060744592,0.04991958153488079,0.13748003682154095,0.3539967373572594,0.11738145607448569,1.8361730756351744,0.6829111816020715,0.049305555555555554,0.034722222222222224,0.013541666666666667
483,0.0,0.11257429542926128,0.019281950006939046,0.09415260560497186,0.16666666666666666,0.018854748603351956,1.373928642658097,0.40530583628808275,0.054814814814814816,0.0362962962962963,0.015555555555555555
484,0.0,0.15486246005195872,0.0279909430990493,0.031291093030227916,0.016638935108153077,0.03482245490465757,1.549021659720338,0.5004404466091276,0.0541447053186392,0.04216578821274557,0.011499760421657882
485,1.0,0.1793444010205246,0.06389993439483518,0.15426239886677237,0.13980582524271845,0.07189399381035592,2.061906198847377,0.7465723407247057,0.04607843137254902,0.031045751633986925,0.013398692810457516
486,0.0,0.19739185341126725,0.03715737957892526,0.08257577975457837,0.13912037037037037,0.06899809332502627,2.08849295374651,0.7402132083494166,0.062418300653594765,0.04477124183006536,0.016339869281045753
487,1.0,0.19750995623977924,0.07613397902680132,0.14053343605512436,0.3314814814814815,0.11611917441960662,1.9318821454374402,0.778510925019317,0.062418300653594765,0.04477124183006536,0.016339869281045753
488,1.0,0.2247686396074999,0.06822623782427534,0.2084635450269607,0.1814814814814815,0.08087723926426514,1.8511131078080167,0.7712765711253285,0.062418300653594765,0.04477124183006536,0.016339869281045753
489,2.0,0.07630912533280035,0.05715310341502224,0.18746582661745018,0.0,0.04021989529514376,1.9080997083503684,0.8074262538662851,0.041750841750841754,0.028619528619528618,0.011784511784511785
490,1.0,0.13478488685956927,0.09111003260597642,0.1654730323634513,0.12195121951219512,0.12007272803856082,2.2226810486112347,0.8445085251747937,0.05169920462762111,0.039045553145336226,0.01373825018076645
491,0.0,0.12350229944620732,0.08991222908531969,0.1543554072080541,0.07456140350877193,0.11015646845363093,1.9327764214978678,0.7650739106039981,0.0541447053186392,0.04216578821274557,0.011499760421657882
492,0.0,0.15094520687344884,0.026077508149221298,0.08895173231683605,0.19393939393939394,0.07877820630105971,1.35563641889209,0.48809468231460607,0.05277874868926949,0.036700454386578124,0.015379238028661306
493,1.0,0.16789669010000619,0.08685049637141673,0.1288949509803735,0.23376623376623376,0.1344682903181262,2.3045492494441677,0.8807467189703876,0.04490740740740741,0.03287037037037037,0.011574074074074075
494,2.0,0.16708535427547788,0.05329835488177392,0.1780660622860915,0.36302895322939865,0.0967408846604356,2.729058190384781,0.8787253125025528,0.04511784511784512,0.03198653198653199,0.01212121212121212
