,Club,Year,Season,GP,G,A,SHT,SOG,FC,FS,OFF,CK,PKG,PKA
0,Tampa Bay Mutiny,1996,REG,32,66,60,377,185,449,410,147,140,6,6
1,D.C. United,1996,REG,32,62,65,436,223,417,403,89,194,4,4
2,Kansas City Wizards,1996,REG,32,61,59,514,250,412,404,94,144,7,8
3,Los Angeles Galaxy,1996,REG,32,59,46,442,221,461,415,94,187,4,6
4,Columbus Crew,1996,REG,32,59,53,406,202,415,520,99,170,6,7
5,Dallas Burn,1996,REG,32,50,42,411,224,425,472,98,152,3,3
6,San Jose Clash,1996,REG,32,50,54,420,209,515,485,137,180,3,3
7,MetroStars,1996,REG,32,45,43,419,203,430,452,118,172,2,4
8,Colorado Rapids,1996,REG,32,44,41,435,201,394,389,105,192,3,3
9,New England Revolution,1996,REG,32,43,42,383,174,514,436,117,130,6,7
10,D.C. United,1996,PS,6,14,9,84,44,65,81,22,43,1,1
11,Los Angeles Galaxy,1996,PS,6,9,4,74,38,92,97,23,35,1,1
12,Tampa Bay Mutiny,1996,PS,5,9,10,64,32,82,67,21,22,0,0
13,Kansas City Wizards,1996,PS,5,8,6,67,43,77,84,15,28,0,0
14,Dallas Burn,1996,PS,3,6,5,27,19,55,43,10,17,0,0
15,MetroStars,1996,PS,3,3,4,31,14,28,31,8,15,0,0
16,Columbus Crew,1996,PS,3,3,3,32,11,49,49,9,15,0,0
17,San Jose Clash,1996,PS,3,1,1,38,17,47,43,15,25,0,0
18,D.C. United,1997,REG,32,70,88,432,239,397,423,149,187,8,9
19,Kansas City Wizards,1997,REG,32,57,64,410,222,481,407,117,156,3,6
20,San Jose Clash,1997,REG,32,55,78,423,206,458,463,144,172,2,3
21,Los Angeles Galaxy,1997,REG,32,55,55,480,234,464,464,124,164,4,4
22,Tampa Bay Mutiny,1997,REG,32,55,70,399,189,417,489,138,132,1,3
23,Dallas Burn,1997,REG,32,55,58,431,230,478,465,125,155,8,10
24,Colorado Rapids,1997,REG,32,50,63,433,185,475,426,126,169,4,5
25,MetroStars,1997,REG,32,43,54,388,174,440,503,105,121,1,4
26,Columbus Crew,1997,REG,32,42,55,452,180,439,484,108,167,3,5
27,New England Revolution,1997,REG,32,40,35,399,196,534,455,105,179,3,5
28,D.C. United,1997,PS,5,11,21,73,38,83,82,31,34,0,0
29,Colorado Rapids,1997,PS,5,10,16,60,33,85,80,24,28,0,0
30,Columbus Crew,1997,PS,4,6,10,52,19,70,70,11,12,0,0
31,Dallas Burn,1997,PS,4,4,6,44,16,56,71,22,13,0,0
32,New England Revolution,1997,PS,2,2,0,20,12,33,31,12,14,1,1
33,Kansas City Wizards,1997,PS,2,2,2,24,12,33,30,6,8,0,0
34,Tampa Bay Mutiny,1997,PS,2,1,2,31,9,33,35,4,10,0,0
35,Los Angeles Galaxy,1997,PS,2,0,0,14,5,30,23,3,13,0,0
36,Los Angeles Galaxy,1998,REG,32,85,104,440,231,464,378,105,160,4,6
37,D.C. United,1998,REG,32,74,74,505,248,453,413,99,249,7,9
38,Columbus Crew,1998,REG,32,67,90,504,199,456,503,98,188,3,4
39,Chicago Fire,1998,REG,32,62,86,487,219,436,462,103,176,4,4
40,Colorado Rapids,1998,REG,32,62,80,507,225,397,415,114,153,2,4
41,MetroStars,1998,REG,32,54,75,497,212,453,446,97,149,2,6
42,New England Revolution,1998,REG,32,53,66,468,205,521,369,111,187,3,4
43,San Jose Clash,1998,REG,32,48,61,442,211,479,468,119,196,2,3
44,Miami Fusion,1998,REG,32,46,64,384,176,459,447,117,180,4,5
45,Tampa Bay Mutiny,1998,REG,32,46,68,435,174,385,413,135,157,1,2
46,Kansas City Wizards,1998,REG,32,45,53,442,201,466,435,88,165,3,6
47,Dallas Burn,1998,REG,32,43,46,431,189,433,383,83,182,1,3
48,Los Angeles Galaxy,1998,PS,4,10,14,52,26,61,63,8,31,0,0
49,Columbus Crew,1998,PS,5,10,11,55,26,83,100,17,22,0,0
50,D.C. United,1998,PS,6,9,12,96,35,111,106,13,45,0,0
51,Chicago Fire,1998,PS,5,6,6,54,24,86,65,20,16,2,2
52,MetroStars,1998,PS,2,4,3,28,9,42,34,1,6,1,1
53,Dallas Burn,1998,PS,2,3,1,23,14,35,30,7,9,0,0
54,Miami Fusion,1998,PS,2,1,0,22,6,37,41,12,10,0,0
55,Colorado Rapids,1998,PS,2,1,1,22,6,30,26,4,7,0,0
56,D.C. United,1999,REG,32,65,91,440,204,505,480,90,214,3,4
57,Dallas Burn,1999,REG,32,54,66,413,205,448,446,115,159,2,3
58,Tampa Bay Mutiny,1999,REG,32,51,78,450,186,377,430,84,157,2,3
59,Chicago Fire,1999,REG,32,51,63,448,201,495,450,98,178,3,5
60,Los Angeles Galaxy,1999,REG,32,49,69,424,185,457,425,115,178,1,4
61,San Jose Clash,1999,REG,32,48,67,382,176,510,412,82,142,1,1
62,Columbus Crew,1999,REG,32,48,65,456,199,474,471,115,162,1,2
63,Miami Fusion,1999,REG,32,42,56,417,181,482,447,111,203,2,3
64,New England Revolution,1999,REG,32,38,43,393,194,504,428,95,168,2,3
65,Colorado Rapids,1999,REG,32,38,52,397,147,493,458,113,156,3,5
66,Kansas City Wizards,1999,REG,32,33,47,439,169,420,428,74,168,2,3
67,MetroStars,1999,REG,32,32,41,522,191,398,419,96,207,3,5
68,Los Angeles Galaxy,1999,PS,6,12,12,74,31,97,101,16,28,2,2
69,D.C. United,1999,PS,6,11,13,72,35,106,114,27,24,0,0
70,Columbus Crew,1999,PS,5,10,14,66,27,90,88,21,23,0,0
71,Dallas Burn,1999,PS,6,9,13,64,29,111,100,6,35,2,2
72,Chicago Fire,1999,PS,3,7,10,25,15,58,56,6,17,0,0
73,Miami Fusion,1999,PS,2,0,0,16,7,35,32,8,7,0,0
74,Tampa Bay Mutiny,1999,PS,2,0,0,33,8,37,20,2,13,0,0
75,Colorado Rapids,1999,PS,2,0,0,30,13,32,27,5,12,0,0
76,Chicago Fire,2000,REG,32,67,85,488,230,545,564,75,182,5,10
77,MetroStars,2000,REG,32,64,72,437,207,593,520,108,137,9,10
78,Tampa Bay Mutiny,2000,REG,32,62,94,457,202,434,446,130,147,3,8
79,Miami Fusion,2000,REG,32,54,78,477,206,516,540,132,194,4,5
80,Dallas Burn,2000,REG,32,54,79,392,199,588,521,103,143,1,1
81,Columbus Crew,2000,REG,32,48,57,429,184,498,543,78,176,3,3
82,Los Angeles Galaxy,2000,REG,32,47,47,472,202,516,504,113,186,6,7
83,Kansas City Wizards,2000,REG,32,47,67,452,175,503,541,96,151,0,0
84,New England Revolution,2000,REG,32,47,50,441,209,569,526,109,173,5,6
85,D.C. United,2000,REG,32,44,42,472,214,618,531,111,263,3,4
86,Colorado Rapids,2000,REG,32,43,57,482,196,581,526,116,173,4,7
87,San Jose Earthquakes,2000,REG,32,35,41,412,192,527,473,113,170,5,5
88,Chicago Fire,2000,PS,7,15,24,91,45,117,131,21,35,0,1
89,MetroStars,2000,PS,5,8,9,64,34,99,86,21,23,0,0
90,Kansas City Wizards,2000,PS,7,8,7,103,40,126,125,13,36,1,1
91,Los Angeles Galaxy,2000,PS,5,8,10,56,24,90,64,32,26,1,1
92,New England Revolution,2000,PS,3,3,3,30,17,47,47,10,10,0,0
93,Dallas Burn,2000,PS,2,2,2,23,7,42,35,9,10,1,2
94,Tampa Bay Mutiny,2000,PS,2,2,2,26,7,21,30,11,14,0,0
95,Colorado Rapids,2000,PS,3,2,1,38,13,55,53,11,14,1,1
96,Miami Fusion,2001,REG,26,57,89,391,181,390,398,84,144,2,3
97,Los Angeles Galaxy,2001,REG,26,52,60,404,201,432,404,99,175,5,7
98,Chicago Fire,2001,REG,27,50,64,379,188,458,488,91,154,4,6
99,Columbus Crew,2001,REG,26,49,66,331,152,374,418,72,123,1,1
100,Dallas Burn,2001,REG,26,48,71,409,185,465,334,87,149,3,3
101,San Jose Earthquakes,2001,REG,26,47,66,368,195,398,385,90,120,2,4
102,D.C. United,2001,REG,26,42,60,387,217,509,459,78,159,3,5
103,MetroStars,2001,REG,26,38,45,362,158,465,438,72,128,1,3
104,Colorado Rapids,2001,REG,26,36,50,353,156,427,405,89,131,2,2
105,New England Revolution,2001,REG,27,35,38,341,146,483,457,88,120,7,9
106,Kansas City Wizards,2001,REG,27,33,43,351,145,424,419,81,151,3,3
107,Tampa Bay Mutiny,2001,REG,27,32,45,347,144,386,361,100,139,4,6
108,San Jose Earthquakes,2001,PS,6,13,19,77,37,90,91,22,35,0,0
109,Los Angeles Galaxy,2001,PS,7,11,16,95,45,127,103,16,42,0,1
110,MetroStars,2001,PS,3,7,11,40,17,40,47,5,10,0,0
111,Chicago Fire,2001,PS,6,7,11,87,32,111,144,20,32,0,0
112,Miami Fusion,2001,PS,6,5,8,57,26,82,96,15,25,0,0
113,Kansas City Wizards,2001,PS,3,4,5,50,17,63,39,8,18,1,1
114,Columbus Crew,2001,PS,2,1,0,24,8,37,33,6,14,1,1
115,Dallas Burn,2001,PS,3,1,2,26,11,83,52,4,12,0,0
116,New England Revolution,2002,REG,28,49,62,368,184,463,425,64,145,3,4
117,San Jose Earthquakes,2002,REG,28,45,59,372,177,448,383,75,158,2,3
118,Los Angeles Galaxy,2002,REG,28,44,68,401,198,456,407,68,161,3,5
119,Dallas Burn,2002,REG,28,44,58,403,182,470,411,91,171,3,3
120,Columbus Crew,2002,REG,28,44,60,375,155,482,470,93,126,3,3
121,Chicago Fire,2002,REG,28,43,54,380,165,472,479,73,147,2,4
122,Colorado Rapids,2002,REG,28,43,63,369,161,469,390,87,129,6,6
123,MetroStars,2002,REG,28,41,52,383,174,445,515,87,151,6,9
124,Kansas City Wizards,2002,REG,28,37,49,403,176,362,442,92,152,4,6
125,D.C. United,2002,REG,28,31,40,334,164,492,442,99,185,1,4
126,Los Angeles Galaxy,2002,PS,6,15,16,95,44,103,121,23,28,1,1
127,Kansas City Wizards,2002,PS,3,8,9,41,19,55,53,7,12,0,0
128,New England Revolution,2002,PS,7,8,8,60,25,118,108,8,20,0,0
129,Columbus Crew,2002,PS,5,6,10,84,41,84,64,15,43,0,0
130,Dallas Burn,2002,PS,3,5,7,37,18,56,55,8,15,0,0
131,Colorado Rapids,2002,PS,5,5,7,69,27,110,85,9,18,1,2
132,Chicago Fire,2002,PS,3,2,2,48,18,44,54,18,20,1,1
133,San Jose Earthquakes,2002,PS,2,2,4,26,14,30,28,9,14,0,0
134,New England Revolution,2003,REG,30,55,51,440,201,458,483,65,158,2,3
135,Chicago Fire,2003,REG,30,53,42,454,200,491,511,98,143,7,9
136,Kansas City Wizards,2003,REG,30,48,41,411,180,422,431,84,126,5,6
137,San Jose Earthquakes,2003,REG,30,45,57,377,164,476,409,77,167,2,2
138,Columbus Crew,2003,REG,30,44,47,395,179,476,462,88,148,3,3
139,MetroStars,2003,REG,30,40,35,399,191,498,510,63,146,4,7
140,Colorado Rapids,2003,REG,30,40,40,384,172,482,409,96,136,5,6
141,D.C. United,2003,REG,30,38,38,331,148,530,508,67,175,8,8
142,Dallas Burn,2003,REG,30,35,34,332,133,509,393,102,130,4,6
143,Los Angeles Galaxy,2003,REG,30,35,33,368,172,494,468,85,173,7,8
144,San Jose Earthquakes,2003,PS,4,12,16,66,27,56,64,8,18,0,0
145,Chicago Fire,2003,PS,4,7,10,73,31,76,77,15,37,0,1
146,Kansas City Wizards,2003,PS,3,5,4,29,14,43,37,7,9,0,0
147,Los Angeles Galaxy,2003,PS,2,4,3,21,11,34,32,4,7,0,0
148,New England Revolution,2003,PS,3,3,5,24,11,67,51,9,8,0,0
149,MetroStars,2003,PS,2,1,0,31,12,36,42,5,14,1,1
150,Colorado Rapids,2003,PS,2,1,2,21,8,30,25,4,9,0,0
151,D.C. United,2003,PS,2,0,0,11,5,42,39,8,5,0,0
152,MetroStars,2004,REG,30,47,40,456,193,430,500,48,151,8,8
153,D.C. United,2004,REG,30,43,48,365,187,542,410,75,180,1,2
154,Los Angeles Galaxy,2004,REG,30,42,40,347,156,484,469,75,166,4,5
155,New England Revolution,2004,REG,30,42,47,364,177,406,477,72,175,4,6
156,San Jose Earthquakes,2004,REG,30,41,45,373,158,460,499,72,177,3,5
157,Columbus Crew,2004,REG,30,40,32,335,147,464,398,75,134,8,8
158,Kansas City Wizards,2004,REG,30,38,34,368,162,405,429,67,107,3,5
159,Chicago Fire,2004,REG,30,36,40,381,150,420,504,79,147,4,5
160,Dallas Burn,2004,REG,30,34,38,407,160,499,373,71,162,2,2
161,Colorado Rapids,2004,REG,30,29,35,396,165,463,385,102,155,2,3
162,D.C. United,2004,PS,4,10,9,46,24,81,59,10,22,0,0
163,Kansas City Wizards,2004,PS,4,7,6,44,20,67,64,9,20,1,1
164,New England Revolution,2004,PS,3,5,5,36,18,51,50,10,11,1,1
165,San Jose Earthquakes,2004,PS,2,2,2,23,11,39,32,8,15,0,0
166,Los Angeles Galaxy,2004,PS,3,2,2,33,13,52,58,6,10,0,0
167,Columbus Crew,2004,PS,2,1,2,21,9,27,32,4,9,0,2
168,Colorado Rapids,2004,PS,2,1,1,17,7,40,34,2,10,0,0
169,MetroStars,2004,PS,2,0,0,23,13,31,38,4,8,0,0
170,D.C. United,2005,REG,32,58,58,410,201,504,470,88,159,9,9
171,New England Revolution,2005,REG,32,55,59,400,200,440,459,85,180,2,2
172,MetroStars,2005,REG,32,53,53,391,173,458,406,124,125,6,7
173,San Jose Earthquakes,2005,REG,32,53,62,344,164,528,590,96,144,2,2
174,Kansas City Wizards,2005,REG,32,52,48,422,178,389,464,102,128,1,2
175,FC Dallas,2005,REG,32,52,48,460,199,557,403,97,161,4,4
176,Chicago Fire,2005,REG,32,49,52,389,183,454,448,89,187,4,7
177,Los Angeles Galaxy,2005,REG,32,44,42,405,183,449,484,108,137,6,6
178,Colorado Rapids,2005,REG,32,40,42,339,141,491,451,105,134,6,7
179,Columbus Crew,2005,REG,32,34,42,391,137,456,415,106,144,2,5
180,Chivas USA,2005,REG,32,31,28,355,138,521,452,89,142,4,4
181,Real Salt Lake,2005,REG,32,30,23,352,157,423,458,90,135,4,4
182,Los Angeles Galaxy,2005,PS,4,7,5,46,21,87,68,8,18,0,0
183,New England Revolution,2005,PS,4,4,5,45,18,70,93,16,20,0,0
184,Chicago Fire,2005,PS,3,4,4,37,18,66,49,8,10,0,0
185,FC Dallas,2005,PS,2,2,4,43,16,27,29,8,11,0,1
186,San Jose Earthquakes,2005,PS,2,2,1,34,13,33,39,3,9,0,0
187,MetroStars,2005,PS,2,2,2,22,11,41,28,9,7,0,0
188,Colorado Rapids,2005,PS,3,2,3,32,11,43,47,4,13,0,0
189,D.C. United,2005,PS,2,0,0,13,4,32,36,3,10,0,0
190,D.C. United,2006,REG,32,52,49,379,194,454,433,91,144,3,3
191,FC Dallas,2006,REG,32,48,51,398,168,476,419,105,112,0,0
192,Chivas USA,2006,REG,32,45,44,363,174,437,401,129,147,4,4
193,Real Salt Lake,2006,REG,32,45,42,355,147,422,416,123,125,5,6
194,Houston Dynamo,2006,REG,32,44,41,348,158,502,530,101,154,2,3
195,Chicago Fire,2006,REG,32,43,41,345,155,457,466,84,142,3,6
196,Kansas City Wizards,2006,REG,32,43,35,408,180,399,460,86,168,4,6
197,New York Red Bulls,2006,REG,32,41,38,392,170,540,450,109,130,4,5
198,New England Revolution,2006,REG,32,39,42,382,167,422,515,94,156,2,2
199,Los Angeles Galaxy,2006,REG,32,37,39,335,144,532,501,86,142,1,1
200,Colorado Rapids,2006,REG,32,36,38,364,149,420,402,100,173,3,3
201,Columbus Crew,2006,REG,32,30,24,358,145,512,468,117,158,4,5
202,Houston Dynamo,2006,PS,4,7,11,46,22,66,77,14,31,1,2
203,Colorado Rapids,2006,PS,3,5,3,49,18,54,48,13,25,1,1
204,FC Dallas,2006,PS,2,4,5,19,9,30,40,7,3,0,0
205,New England Revolution,2006,PS,4,4,5,54,26,69,76,17,22,0,0
206,Chivas USA,2006,PS,2,2,1,11,5,44,24,1,4,0,0
207,Chicago Fire,2006,PS,2,2,1,25,8,41,37,6,17,0,0
208,D.C. United,2006,PS,3,2,2,38,15,47,45,21,17,0,0
209,New York Red Bulls,2006,PS,2,1,1,26,7,33,36,3,6,0,0
210,D.C. United,2007,REG,30,56,52,361,190,509,366,115,120,6,7
211,New England Revolution,2007,REG,30,51,44,398,193,381,461,83,162,3,4
212,New York Red Bulls,2007,REG,30,47,40,396,178,424,361,102,147,5,6
213,Chivas USA,2007,REG,30,46,51,354,175,434,412,98,118,3,3
214,Kansas City Wizards,2007,REG,30,45,46,420,181,387,483,103,158,2,3
215,Houston Dynamo,2007,REG,30,43,42,335,145,410,455,125,139,2,3
216,Columbus Crew,2007,REG,30,39,46,384,178,417,482,103,156,2,3
217,Los Angeles Galaxy,2007,REG,30,38,33,315,127,354,385,96,137,5,7
218,FC Dallas,2007,REG,30,37,32,350,154,465,445,82,115,5,5
219,Real Salt Lake,2007,REG,30,31,20,345,148,412,428,90,149,5,6
220,Chicago Fire,2007,REG,30,31,24,312,156,393,420,91,139,3,4
221,Colorado Rapids,2007,REG,30,29,22,322,117,444,403,82,156,5,5
222,Toronto FC,2007,REG,30,25,25,277,152,494,422,78,130,1,1
223,Houston Dynamo,2007,PS,4,8,10,64,30,51,71,18,22,0,0
224,New England Revolution,2007,PS,4,3,5,50,23,55,51,5,17,0,0
225,Chicago Fire,2007,PS,3,3,3,36,20,49,42,6,13,0,0
226,D.C. United,2007,PS,2,2,3,22,8,31,36,8,15,0,0
227,FC Dallas,2007,PS,2,2,2,14,6,46,25,4,3,0,0
228,Kansas City Wizards,2007,PS,3,1,0,19,6,35,49,6,3,0,0
229,Chivas USA,2007,PS,2,0,0,24,11,38,25,7,7,0,0
230,New York Red Bulls,2007,PS,2,0,0,26,9,25,29,4,15,0,0
231,Los Angeles Galaxy,2008,REG,30,55,55,353,161,381,350,87,110,4,4
232,Columbus Crew,2008,REG,30,50,45,388,161,326,401,73,173,4,5
233,FC Dallas,2008,REG,30,45,40,379,175,371,380,95,117,4,4
234,Houston Dynamo,2008,REG,30,45,44,367,156,375,385,110,160,2,4
235,Chicago Fire,2008,REG,30,44,43,335,162,333,390,72,123,3,3
236,Colorado Rapids,2008,REG,30,44,38,397,162,346,376,68,155,5,7
237,D.C. United,2008,REG,30,43,47,352,152,379,377,78,166,4,5
238,New York Red Bulls,2008,REG,30,42,38,356,158,413,341,82,145,2,3
239,New England Revolution,2008,REG,30,40,29,323,157,358,417,49,144,1,2
240,Real Salt Lake,2008,REG,30,40,35,429,178,388,355,67,148,1,2
241,Chivas USA,2008,REG,30,40,40,325,146,495,378,88,118,1,1
242,Kansas City Wizards,2008,REG,30,37,38,355,137,321,379,103,144,4,4
243,Toronto FC,2008,REG,30,34,25,294,138,343,329,95,124,0,3
244,San Jose Earthquakes,2008,REG,30,32,33,317,132,382,353,78,154,1,1
245,Columbus Crew,2008,PS,4,8,11,47,17,53,52,5,13,0,0
246,New York Red Bulls,2008,PS,4,6,4,40,15,48,48,6,16,1,1
247,Chicago Fire,2008,PS,3,4,3,34,18,31,36,5,15,0,0
248,Real Salt Lake,2008,PS,3,3,5,61,23,45,38,4,12,0,0
249,Chivas USA,2008,PS,2,2,1,15,7,29,41,5,3,1,1
250,Kansas City Wizards,2008,PS,2,1,1,11,4,28,29,2,4,0,0
251,Houston Dynamo,2008,PS,2,1,1,24,8,31,28,7,8,0,0
252,New England Revolution,2008,PS,2,0,0,21,8,25,18,2,10,0,0
253,FC Dallas,2009,REG,30,50,49,376,164,299,362,74,146,3,5
254,D.C. United,2009,REG,30,43,35,341,149,356,319,74,127,8,8
255,Real Salt Lake,2009,REG,30,43,43,423,184,370,308,64,160,2,2
256,Colorado Rapids,2009,REG,30,42,39,360,138,330,319,66,134,5,8
257,Columbus Crew,2009,REG,30,41,33,333,138,354,375,88,144,4,5
258,Houston Dynamo,2009,REG,30,39,48,301,137,354,374,90,144,2,3
259,Chicago Fire,2009,REG,30,39,36,356,150,251,372,70,183,4,5
260,Seattle Sounders FC,2009,REG,30,38,46,322,126,353,402,91,167,0,2
261,Toronto FC,2009,REG,30,37,37,337,142,328,277,102,129,0,2
262,Los Angeles Galaxy,2009,REG,30,36,35,314,137,389,343,50,138,3,3
263,San Jose Earthquakes,2009,REG,30,36,36,311,141,341,337,68,157,5,5
264,Chivas USA,2009,REG,30,34,29,309,135,412,316,94,129,3,4
265,Kansas City Wizards,2009,REG,30,33,29,373,155,338,339,76,157,2,2
266,New England Revolution,2009,REG,30,33,31,290,133,326,387,63,118,5,5
267,New York Red Bulls,2009,REG,30,27,20,338,134,358,328,74,135,3,4
268,Los Angeles Galaxy,2009,PS,4,6,2,58,21,66,60,6,20,2,2
269,Real Salt Lake,2009,PS,4,5,4,55,19,76,51,18,12,1,1
270,Chicago Fire,2009,PS,3,3,3,46,21,23,50,6,21,0,0
271,New England Revolution,2009,PS,2,2,3,25,10,27,15,3,8,0,0
272,Columbus Crew,2009,PS,2,2,1,26,12,21,34,2,8,0,0
273,Chivas USA,2009,PS,2,2,1,17,6,21,23,10,16,0,0
274,Houston Dynamo,2009,PS,3,1,0,38,14,54,41,13,20,0,0
275,Seattle Sounders FC,2009,PS,2,0,0,24,6,22,34,2,14,0,0
276,Real Salt Lake,2010,REG,30,45,39,340,135,335,348,95,133,3,4
277,Colorado Rapids,2010,REG,30,44,35,354,141,293,321,67,128,4,4
278,Los Angeles Galaxy,2010,REG,30,44,46,361,146,356,295,68,140,3,4
279,FC Dallas,2010,REG,30,42,38,367,141,339,352,93,158,8,9
280,Columbus Crew,2010,REG,30,40,26,364,137,314,364,103,141,5,7
281,Houston Dynamo,2010,REG,30,40,44,326,122,299,330,107,161,3,4
282,Seattle Sounders FC,2010,REG,30,39,44,343,134,333,385,84,171,1,2
283,New York Red Bulls,2010,REG,30,38,31,365,137,392,278,107,143,4,5
284,Chicago Fire,2010,REG,30,37,37,295,126,296,348,84,129,2,2
285,Kansas City Wizards,2010,REG,30,36,32,393,169,341,374,69,150,2,2
286,Philadelphia Union,2010,REG,30,35,35,300,142,357,322,78,147,3,3
287,San Jose Earthquakes,2010,REG,30,34,35,329,140,286,305,83,126,3,3
288,Toronto FC,2010,REG,30,33,32,282,110,351,267,87,98,3,3
289,New England Revolution,2010,REG,30,32,26,326,132,328,336,78,128,1,1
290,Chivas USA,2010,REG,30,31,27,315,117,333,290,86,110,1,1
291,D.C. United,2010,REG,30,21,9,337,134,322,353,71,144,2,2
292,FC Dallas,2010,PS,4,7,10,44,19,50,53,8,18,0,0
293,Colorado Rapids,2010,PS,4,5,3,53,19,51,42,8,17,0,0
294,Los Angeles Galaxy,2010,PS,3,3,3,37,16,40,39,6,15,0,0
295,San Jose Earthquakes,2010,PS,3,3,4,31,11,31,35,13,20,0,0
296,Columbus Crew,2010,PS,2,2,2,27,9,21,29,11,9,0,0
297,Real Salt Lake,2010,PS,2,2,3,22,10,25,26,6,12,0,0
298,New York Red Bulls,2010,PS,2,2,1,36,13,29,21,5,9,0,0
299,Seattle Sounders FC,2010,PS,2,1,1,28,12,26,28,3,13,0,0
300,Seattle Sounders FC,2011,REG,34,56,50,443,151,430,408,85,164,6,9
301,Sporting Kansas City,2011,REG,34,50,35,488,159,425,416,71,161,4,4
302,New York Red Bulls,2011,REG,34,50,53,420,153,420,363,125,200,3,5
303,D.C. United,2011,REG,34,49,40,427,151,383,367,98,146,8,10
304,LA Galaxy,2011,REG,34,48,43,395,142,396,452,84,158,4,4
305,Chicago Fire,2011,REG,34,46,39,475,178,466,405,75,161,2,2
306,Houston Dynamo,2011,REG,34,45,41,449,147,396,378,95,185,3,3
307,Real Salt Lake,2011,REG,34,44,38,429,153,443,411,115,165,5,5
308,Colorado Rapids,2011,REG,34,44,34,365,138,374,434,83,149,3,4
309,Philadelphia Union,2011,REG,34,44,38,407,135,400,397,81,147,4,4
310,Columbus Crew,2011,REG,34,43,31,437,144,413,419,117,155,9,9
311,FC Dallas,2011,REG,34,42,45,482,146,413,456,96,163,1,2
312,Chivas USA,2011,REG,34,41,45,426,144,387,391,67,172,0,0
313,Portland Timbers,2011,REG,34,40,38,432,142,347,430,119,132,3,5
314,San Jose Earthquakes,2011,REG,34,40,41,460,151,401,351,85,143,1,2
315,New England Revolution,2011,REG,34,38,30,420,138,400,444,83,152,6,7
316,Toronto FC,2011,REG,34,36,31,390,141,414,393,62,126,2,2
317,Vancouver Whitecaps FC,2011,REG,34,35,38,399,131,451,443,79,138,5,7
318,LA Galaxy,2011,PS,4,7,6,48,15,44,54,6,14,2,2
319,Houston Dynamo,2011,PS,4,5,4,36,16,47,46,20,11,0,0
320,Real Salt Lake,2011,PS,3,4,5,33,16,42,44,9,12,0,0
321,Sporting Kansas City,2011,PS,3,4,3,33,16,45,40,5,11,1,1
322,New York Red Bulls,2011,PS,3,3,3,43,14,39,31,7,15,0,0
323,Seattle Sounders FC,2011,PS,2,2,1,38,9,28,27,0,17,1,1
324,Philadelphia Union,2011,PS,2,1,2,36,15,25,21,3,12,0,0
325,Colorado Rapids,2011,PS,3,1,2,35,12,37,41,10,11,0,0
326,Columbus Crew,2011,PS,1,0,0,9,3,7,10,5,4,0,0
327,FC Dallas,2011,PS,1,0,0,23,7,13,13,0,5,0,0
328,San Jose Earthquakes,2012,REG,34,72,73,517,192,440,410,91,185,6,8
329,LA Galaxy,2012,REG,34,59,61,480,179,421,391,67,188,3,4
330,New York Red Bulls,2012,REG,34,57,56,394,153,410,351,77,148,3,3
331,D.C. United,2012,REG,34,53,52,451,163,390,390,106,157,1,2
332,Seattle Sounders FC,2012,REG,34,51,52,439,141,442,438,80,158,2,2
333,Houston Dynamo,2012,REG,34,48,48,424,157,372,377,81,136,6,7
334,Real Salt Lake,2012,REG,34,46,43,417,151,444,390,90,146,4,4
335,Chicago Fire,2012,REG,34,46,39,460,163,349,421,75,158,2,3
336,Montreal Impact,2012,REG,34,45,43,443,156,427,417,114,143,9,9
337,Columbus Crew,2012,REG,34,44,39,466,151,412,393,111,149,2,3
338,Colorado Rapids,2012,REG,34,44,41,459,162,415,426,62,145,3,4
339,Sporting Kansas City,2012,REG,34,42,47,542,158,456,414,54,199,3,4
340,FC Dallas,2012,REG,34,42,33,403,140,420,504,72,160,2,5
341,New England Revolution,2012,REG,34,39,31,455,178,360,483,68,154,2,2
342,Philadelphia Union,2012,REG,34,37,23,377,112,464,435,93,172,5,6
343,Toronto FC,2012,REG,34,36,41,419,140,428,358,76,172,0,2
344,Vancouver Whitecaps FC,2012,REG,34,35,35,355,116,481,510,91,139,1,1
345,Portland Timbers,2012,REG,34,34,28,421,133,388,403,86,172,0,0
346,Chivas USA,2012,REG,34,24,28,397,120,424,431,56,179,3,3
347,LA Galaxy,2012,PS,6,12,14,74,27,75,65,20,25,4,4
348,Houston Dynamo,2012,PS,6,9,9,76,26,77,72,9,23,0,0
349,D.C. United,2012,PS,4,4,3,49,17,40,41,18,11,0,1
350,Seattle Sounders FC,2012,PS,4,3,4,40,19,47,49,12,21,0,0
351,San Jose Earthquakes,2012,PS,2,2,1,22,5,20,20,6,9,0,0
352,Chicago Fire,2012,PS,1,1,1,19,7,10,16,5,9,0,0
353,Vancouver Whitecaps FC,2012,PS,1,1,1,9,4,11,12,5,0,0,0
354,Sporting Kansas City,2012,PS,2,1,2,33,5,25,29,4,9,0,0
355,New York Red Bulls,2012,PS,2,1,0,28,8,22,20,0,9,0,1
356,Real Salt Lake,2012,PS,2,0,0,25,13,23,26,1,10,0,0
357,New York Red Bulls,2013,REG,34,58,57,404,145,437,353,96,139,3,3
358,Real Salt Lake,2013,REG,34,57,50,449,168,400,421,67,165,6,7
359,Portland Timbers,2013,REG,34,54,53,445,156,436,450,94,170,3,3
360,Vancouver Whitecaps FC,2013,REG,34,53,47,438,155,387,406,72,139,6,6
361,LA Galaxy,2013,REG,34,53,53,489,167,386,403,44,217,6,8
362,Montreal Impact,2013,REG,34,50,49,417,168,370,480,125,141,4,4
363,New England Revolution,2013,REG,34,49,45,398,148,440,452,66,155,3,5
364,FC Dallas,2013,REG,34,48,40,430,152,416,480,93,176,3,4
365,Sporting Kansas City,2013,REG,34,47,43,501,155,511,452,50,171,4,4
366,Chicago Fire,2013,REG,34,47,39,505,182,394,401,62,176,3,5
367,Colorado Rapids,2013,REG,34,45,39,460,141,426,401,71,150,3,4
368,Philadelphia Union,2013,REG,34,42,41,459,150,438,417,78,172,0,0
369,Seattle Sounders FC,2013,REG,34,42,36,411,129,446,425,92,169,3,4
370,Columbus Crew,2013,REG,34,42,31,479,151,460,435,89,154,6,9
371,Houston Dynamo,2013,REG,34,41,43,472,143,372,377,69,202,3,5
372,San Jose Earthquakes,2013,REG,34,35,37,439,140,411,425,86,201,2,2
373,Chivas USA,2013,REG,34,30,22,333,111,465,402,52,130,1,3
374,Toronto FC,2013,REG,34,30,23,344,108,435,432,76,163,2,2
375,D.C. United,2013,REG,34,22,20,400,125,393,411,101,187,2,3
376,Real Salt Lake,2013,PS,5,8,7,67,21,83,72,10,22,0,0
377,Houston Dynamo,2013,PS,5,8,5,53,21,70,73,12,18,1,1
378,Sporting Kansas City,2013,PS,5,7,7,98,25,73,86,13,27,0,0
379,Portland Timbers,2013,PS,4,7,7,48,16,62,65,7,14,1,1
380,Seattle Sounders FC,2013,PS,3,5,4,48,13,51,54,6,20,0,0
381,New England Revolution,2013,PS,2,3,3,13,5,40,28,3,3,0,0
382,New York Red Bulls,2013,PS,2,3,3,26,11,33,33,4,7,0,0
383,LA Galaxy,2013,PS,2,1,1,33,4,26,31,2,22,0,0
384,Colorado Rapids,2013,PS,1,0,0,7,2,19,17,1,2,0,0
385,Montreal Impact,2013,PS,1,0,0,10,4,14,12,4,5,0,0
386,LA Galaxy,2014,REG,34,69,75,543,201,394,415,55,174,4,8
387,Seattle Sounders FC,2014,REG,34,65,65,470,187,453,514,63,166,6,7
388,Portland Timbers,2014,REG,34,61,50,488,183,451,526,96,176,4,4
389,FC Dallas,2014,REG,34,55,36,386,137,418,442,76,170,7,9
390,New York Red Bulls,2014,REG,34,55,54,402,158,400,382,87,166,7,8
391,Real Salt Lake,2014,REG,34,54,43,441,166,424,433,64,163,7,8
392,D.C. United,2014,REG,34,52,49,366,144,429,397,85,136,4,5
393,Columbus Crew,2014,REG,34,52,46,474,161,411,391,80,177,6,9
394,New England Revolution,2014,REG,34,51,49,468,180,427,442,54,209,4,5
395,Philadelphia Union,2014,REG,34,51,47,467,153,413,417,76,211,7,7
396,Sporting Kansas City,2014,REG,34,48,37,468,160,499,492,79,180,7,8
397,Toronto FC,2014,REG,34,44,38,461,152,425,476,77,169,3,5
398,Colorado Rapids,2014,REG,34,43,28,476,166,392,379,88,173,9,10
399,Vancouver Whitecaps FC,2014,REG,34,42,35,452,158,434,441,74,162,10,12
400,Chicago Fire,2014,REG,34,41,29,423,148,448,448,66,173,7,11
401,Houston Dynamo,2014,REG,34,39,35,450,154,425,384,64,185,3,6
402,Montreal Impact,2014,REG,34,38,38,393,141,457,383,89,146,0,2
403,San Jose Earthquakes,2014,REG,34,35,26,390,126,413,450,53,118,2,3
404,Chivas USA,2014,REG,34,29,22,322,102,488,389,52,123,6,7
405,New England Revolution,2014,PS,4,11,14,52,27,47,60,9,13,0,0
406,New York Red Bulls,2014,PS,5,8,10,65,27,68,71,15,18,0,0
407,LA Galaxy,2014,PS,4,7,11,56,18,53,40,7,18,0,0
408,Columbus Crew,2014,PS,2,3,1,31,13,29,23,5,11,1,1
409,Seattle Sounders FC,2014,PS,4,3,1,47,19,45,43,8,20,0,0
410,FC Dallas,2014,PS,3,3,1,23,7,39,51,1,12,2,2
411,D.C. United,2014,PS,2,2,4,28,8,28,29,3,12,0,0
412,Real Salt Lake,2014,PS,2,0,0,20,7,21,32,8,10,0,0
